json
json
json
json
json
json
json
json
json
json
json
json
json
json
json
json
json
json
json
json
json
json
json
json
json
json
json
json
json
json
json
json
json
json
json
json
json
json
json
json
json
json
json
json
json
json
json
json
json
json
json
json
json
json
json
json
json
json
json
json
json
json
json
json
json
json
json
json
json
json
json
json
json
json
json
json
json
json
json
json
json
json
json
json
json
json
json
json
json
json
json
json
json
json
json
json
json
json
json
json
json
json
json
json
json
json
json
json
json
json
json
json
json
json
json
json
json
json
json
json
json
json
json
json
json
json
json
json
json
json
json
json
json
json
json
json
json
json
json
json
json
json
json
json
json
json
json
json
json
json
json
json
json
json
json
json
json
json
json
json
json
json
json
json
json
json
json
json
json
json
json
json
json
json
json
json
json
json
json
json
json
json
json
json
json
json
json
json
json
json
json
json
json
json
json
json
json
json
json
json
json
json
json
json
json
json
json
json
json
json
json
json
json
2026-09-23T21:26:33+08:00	[33mWARN[0m	event/event.go:487	EmitEventWithTimeout: context error: context canceled, event: {Response:0x678c6ecadd40 RequestID:75bb3b3b-04cc-4047-b701-8bc99a6ae82d InvocationID:ab94280a-73cd-46ba-a880-49993a87ddb7 ParentInvocationID: ParentMetadata:<nil> Author:graph-pregel ID:1b46a45d-58c3-421a-8339-a206d820baa2 Timestamp:2026-09-23 21:26:33.794986 +0800 CST m=+0.578209251 Branch:weknora-trpc Tag: RequiresCompletion:false LongRunningToolIDs:map[] StateDelta:map[_pregel_metadata:[123 34 115 116 101 112 78 117 109 98 101 114 34 58 45 49 44 34 112 104 97 115 101 34 58 34 34 44 34 116 97 115 107 67 111 117 110 116 34 58 48 44 34 115 116 97 114 116 84 105 109 101 34 58 34 48 48 48 49 45 48 49 45 48 49 84 48 48 58 48 48 58 48 48 90 34 44 34 101 110 100 84 105 109 101 34 58 34 48 48 48 49 45 48 49 45 48 49 84 48 48 58 48 48 58 48 48 90 34 44 34 101 114 114 111 114 34 58 34 101 120 101 99 117 116 105 111 110 32 102 97 105 108 101 100 32 97 116 32 115 116 101 112 32 49 58 32 110 111 100 101 32 109 111 100 101 108 32 101 120 101 99 117 116 105 111 110 32 102 97 105 108 101 100 58 32 116 97 115 107 95 98 117 100 103 101 116 95 101 120 104 97 117 115 116 101 100 34 125]] Extensions:map[] StructuredOutput:<nil> ExecutionTrace:<nil> Actions:<nil> FilterKey:weknora-trpc Version:1}
json
json
json
json
json
json
json
2026-09-23T21:26:36+08:00	[31mERROR[0m	graph/executor.go:1758	Failed to save checkpoint ed32a23c-129b-48ac-a225-5a2eecf89726: agent run lease lost
json
json
json
json
json
json
json
2026-09-23T21:26:36+08:00	[31mERROR[0m	graph/executor.go:1758	Failed to save checkpoint d0984245-7ddf-4cf3-930e-5f45de2b2245: agent run lease lost
json
json
json
json
json
json
2026-09-23T21:26:37+08:00	[31mERROR[0m	graph/executor.go:1758	Failed to save checkpoint 668f1396-fb36-43b2-a966-61e6f803415f: agent run lease lost
json
json
json
json
json
json
json
json
json
json
json
json
json
json
json
json
json
2026-09-23T21:26:37+08:00	[31mERROR[0m	graph/executor.go:1758	Failed to save checkpoint 466c04d4-293d-47ec-91d4-dd9490e90dc5: agent run lease lost
json
json
json
json
json
json
json
2026-09-23T21:26:38+08:00	[31mERROR[0m	graph/executor.go:1758	Failed to save checkpoint 89cbd300-65c4-4617-ba7f-92b6112d57d3: agent run lease lost
json
json
json
json
json
json
json
json
json
json
json
json
json
json
json
json
json
json
json
json
json
json
json
json
json
json
json
json
json
json
json
json
json
json
json
json
json
json
json
json
json
json
json
json
json
json
json
json
json
json
json
json
json
json
json
json
json
json
json
json
json
json
json
json
json
json
json
json
json
json
json
json
json
json
json
json
json
json
json
json
json
json
json
json
json
json
json
json
json
json
json
json
json
json
json
json
json
json
json
json
json
json
json
json
json
json
json
json
json
json
json
json
json
json
json
json
json
json
json
json
json
json
json
json
json
json
json
json
json
json
json
json
json
json
json
json
json
json
json
json
json
json
json
json
json
json
json
json
json
json
json
json
json
json
json
json
json
json
json
json
json
json
json
json
json
json
json
json
json
json
json
json
json
json
json
json
json
json
json
json
json
json
json
json
json
json
json
json
json
json
json
json
json
json
json
json
json
json
json
json
json
json
json
json
json
json
json
json
json
json
json
json
json
json
json
json
json
json
json
json
json
json
json
json
json
json
json
json
json
json
json
json
json
json
json
json
json
json
json
json
json
json
json
json
json
json
json
json
json
json
json
json
json
json
json
json
json
json
json
json
json
json
json
json
json
json
json
json
json
json
json
json
json
json

2026/09/23 21:26:41 [31;1m/Users/wuyongjun/.codex/worktrees/craft-107-integration/WeKnora-fork01/internal/application/repository/resource.go:58 [35;1mrecord not found
[0m[33m[0.030ms] [34;1m[rows:0][0m SELECT * FROM `resources` WHERE (tenant_id = 7 AND location_hash = "15840072cca770a02281588efbf9c0edd7d69a8d97d69bb93e35435997e5466a" AND state = "active") AND `resources`.`deleted_at` IS NULL ORDER BY `resources`.`id` LIMIT 1
json

2026/09/23 21:26:41 [31;1m/Users/wuyongjun/.codex/worktrees/craft-107-integration/WeKnora-fork01/internal/application/repository/resource.go:58 [35;1mrecord not found
[0m[33m[0.018ms] [34;1m[rows:0][0m SELECT * FROM `resources` WHERE (tenant_id = 7 AND location_hash = "ed52adc1f8138ec4fee4394f4686d5d347f37de6e001e4bdea77e83a0363c772" AND state = "active") AND `resources`.`deleted_at` IS NULL ORDER BY `resources`.`id` LIMIT 1

2026/09/23 21:26:41 [31;1m/Users/wuyongjun/.codex/worktrees/craft-107-integration/WeKnora-fork01/internal/application/repository/resource.go:58 [35;1mrecord not found
[0m[33m[0.021ms] [34;1m[rows:0][0m SELECT * FROM `resources` WHERE (tenant_id = 7 AND location_hash = "f51a3d3cc83c7c4bbfef3235a1c18048924a8d93b77f2874e4d32276866b3875" AND state = "active") AND `resources`.`deleted_at` IS NULL ORDER BY `resources`.`id` LIMIT 1
json
json
json
json
json
json
json
json
json
json
json
json
json
json
json
json
json
json
json
json
json
json
json
json
json
json
json
json
json
json
json
json
json
json
json
json
json
json
json
json
json
json
json
json
json
json
json
json
json
json
json
json
json
json
json
json
json
json
json
json

2026/09/23 21:26:41 [31;1m/Users/wuyongjun/.codex/worktrees/craft-107-integration/WeKnora-fork01/internal/application/service/craft_access.go:69 [35;1mrecord not found
[0m[33m[0.119ms] [34;1m[rows:0][0m SELECT s.id, s.tenant_id, s.user_id FROM sessions AS s JOIN craft_sessions AS c ON c.session_id = s.id AND c.tenant_id = s.tenant_id WHERE s.tenant_id = 1 AND s.id = "plain-1" AND s.deleted_at IS NULL LIMIT 1

2026/09/23 21:26:41 [31;1m/Users/wuyongjun/.codex/worktrees/craft-107-integration/WeKnora-fork01/internal/application/service/craft_access.go:106 [35;1mrecord not found
[0m[33m[0.082ms] [34;1m[rows:0][0m SELECT * FROM `craft_task_grants` WHERE tenant_id = 1 AND session_id = "task-1" AND user_id = "viewer" AND membership_id = 2 ORDER BY `craft_task_grants`.`tenant_id` LIMIT 1

2026/09/23 21:26:41 [31;1m/Users/wuyongjun/.codex/worktrees/craft-107-integration/WeKnora-fork01/internal/application/service/craft_access.go:106 [35;1mrecord not found
[0m[33m[0.019ms] [34;1m[rows:0][0m SELECT * FROM `craft_task_grants` WHERE tenant_id = 1 AND session_id = "task-1" AND user_id = "editor" AND membership_id = 3 ORDER BY `craft_task_grants`.`tenant_id` LIMIT 1

2026/09/23 21:26:41 [31;1m/Users/wuyongjun/.codex/worktrees/craft-107-integration/WeKnora-fork01/internal/application/service/craft_access.go:106 [35;1mrecord not found
[0m[33m[0.036ms] [34;1m[rows:0][0m SELECT * FROM `craft_task_grants` WHERE tenant_id = 1 AND session_id = "task-1" AND user_id = "admin" AND membership_id = 4 ORDER BY `craft_task_grants`.`tenant_id` LIMIT 1

2026/09/23 21:26:41 [31;1m/Users/wuyongjun/.codex/worktrees/craft-107-integration/WeKnora-fork01/internal/application/service/craft_access.go:106 [35;1mrecord not found
[0m[33m[0.011ms] [34;1m[rows:0][0m SELECT * FROM `craft_task_grants` WHERE tenant_id = 1 AND session_id = "task-1" AND user_id = "admin" AND membership_id = 4 ORDER BY `craft_task_grants`.`tenant_id` LIMIT 1

2026/09/23 21:26:41 [31;1m/Users/wuyongjun/.codex/worktrees/craft-107-integration/WeKnora-fork01/internal/application/service/craft_access.go:106 [35;1mrecord not found
[0m[33m[0.009ms] [34;1m[rows:0][0m SELECT * FROM `craft_task_grants` WHERE tenant_id = 1 AND session_id = "task-1" AND user_id = "viewer" AND membership_id = 2 ORDER BY `craft_task_grants`.`tenant_id` LIMIT 1

2026/09/23 21:26:41 [31;1m/Users/wuyongjun/.codex/worktrees/craft-107-integration/WeKnora-fork01/internal/application/service/craft_access.go:106 [35;1mrecord not found
[0m[33m[0.008ms] [34;1m[rows:0][0m SELECT * FROM `craft_task_grants` WHERE tenant_id = 1 AND session_id = "task-1" AND user_id = "viewer" AND membership_id = 2 ORDER BY `craft_task_grants`.`tenant_id` LIMIT 1

2026/09/23 21:26:41 [31;1m/Users/wuyongjun/.codex/worktrees/craft-107-integration/WeKnora-fork01/internal/application/service/craft_access.go:106 [35;1mrecord not found
[0m[33m[0.008ms] [34;1m[rows:0][0m SELECT * FROM `craft_task_grants` WHERE tenant_id = 1 AND session_id = "task-1" AND user_id = "viewer" AND membership_id = 2 ORDER BY `craft_task_grants`.`tenant_id` LIMIT 1

2026/09/23 21:26:41 [31;1m/Users/wuyongjun/.codex/worktrees/craft-107-integration/WeKnora-fork01/internal/application/service/craft_access.go:106 [35;1mrecord not found
[0m[33m[0.016ms] [34;1m[rows:0][0m SELECT * FROM `craft_task_grants` WHERE tenant_id = 1 AND session_id = "task-1" AND user_id = "viewer" AND membership_id = 6 ORDER BY `craft_task_grants`.`tenant_id` LIMIT 1
json
json
json
json
json
json
json
json
json
json
json
json
json
json
json
json
json
json
json
json
json
json
json
json
json
json
json
json
json
json
json
json
json
json
json
json
json
json
json
json
json
json
json
json
json
json
json
json
json
json
json
json
json
json
json
json
json
json
json
json
json
json
json
json
json
json
json
json
json
json
json
json
json
json
json
json
json
json
json
json
json
json
json
json
json
json
json
json
json
json
json
json
json
json
json
json
json
json
json
json
json
json
json
json
json
json
json
json
json
json
json
json
json
json
json
json
json
json
json
json
json
json
json
json
json
json
json
json
json
json
json
json
json
json
json
json
json
json
json
json
json
json
json
json
json
json
json
json
json
json
json
json
json
json
json
json
json
json
json
json
json
json
json
json
json
json
json
json
json
json
json
json
json
json
json
json
json
json
json
json
json
json
json
json
json
json
json
json
json
json
json
json
json
json
json
json
json
json
json
json
json
json
json
json
json
json
json
json
json
json
json
json
json
json
json
json
json
json
json
json
json
json
json
json
json
json
json
json
json
json
json
json
json
json
json
json
json
json
json
json
json
json
json
json
json
json
json
json
json
json
json
json
json
json
json
json
json
json
json
json
json
json
json
json
json
json
json
json
json
json
json
json
json
json
json
json
json
json
json
json
json
json
json
json
json
json
json
json
json
json
json
json
json
json
json
json
json
json
json
json
json
json
json
json
json
json
json
json
json
json
json
json
json
json
json
json
json
json
json
json
json
json
json
json
json
json
json
json
json
json
json
json
json
json
json
json
json
json
json
json
json
json
json
json
json
json
json
json
json
json
json
json
json
json
json
json
json
json
json
json
json
json
json
json
json
json
json
json
json
json
json
json
json
json
json
json
json
json
json
json
json
json
json
json
json
json
json
json
json
json
json
json
json
json
json
json
json
json
json
json
json
json
json
json
json
json
json
json
json
json
json
json
json
json
json
json
json
json
json
json
json
json
json
json
json
json
json
json
json
json
json
json
json
json
json
json
json
json
json
json
json
json
json
json
json
json
json
json
json
json
json
json
json
json
json
json
json
json
json
json
json
json
json
json
json
json
json
json
json
json
json
json
json
json
json
json
json
json
json
json
json
json
json
json
2026-09-23T21:26:54+08:00	[31mERROR[0m	graph/executor.go:1758	Failed to save checkpoint 6c641ca4-a93d-4fc3-a259-5099ae9d9267: agent run lease lost
json
json
json
json
json
json
json
json
json
json
json
json
json
json
json
json
json
json
json
json
json
json
json
json
json
json
json
json
json
json
json
json
json
json
json
json
json
json
json
json
json
json
json
json
json
json
json
json
json
json
json
json
json
json
json
json
json
json
json
json
json
json
json
json
json
json
json
json
json
json
json
json
json
json
json
json
json
json
json
json
json
json
json
json
json
json
json
json
json
json
json
json
json
json
json
json
json
json
json
json
json
json
json
json
json
json
json
json
json
json
json
json
json
json
json
json
json
json
json
json
json
json
json
json
json
json
json
json
json
json
json
json
json
json
json
json
json
json
json
json
json
json
json
json
json
json
json
json
json
json
json
json
json
json
json
json
json
json
json
json
json
json
json
json
json
json
json
json
json
json
json
json
json
json
json
json
json
json
json
json
json
json
json
json
json
json
json
json
json
json
json
json
json
json
json
json
json

2026/09/23 21:26:59 [32m/Users/wuyongjun/.codex/worktrees/craft-107-integration/WeKnora-fork01/internal/application/repository/knowledge.go:352
[0m[33m[0.054ms] [34;1m[rows:1][0m SELECT * FROM `knowledges` WHERE (tenant_id = 1 AND id IN ("k-a")) AND `knowledges`.`deleted_at` IS NULL

2026/09/23 21:27:00 [32m/Users/wuyongjun/.codex/worktrees/craft-107-integration/WeKnora-fork01/internal/application/repository/knowledge.go:352
[0m[33m[0.024ms] [34;1m[rows:1][0m SELECT * FROM `knowledges` WHERE (tenant_id = 1 AND id IN ("k-a")) AND `knowledges`.`deleted_at` IS NULL

2026/09/23 21:27:00 [31;1m/Users/wuyongjun/.codex/worktrees/craft-107-integration/WeKnora-fork01/internal/application/repository/craft_knowledge_records.go:138 [35;1mrecord not found
[0m[33m[0.024ms] [34;1m[rows:0][0m SELECT * FROM `craft_knowledge_records` WHERE tenant_id = 1 AND session_id = "s-craft" AND run_id = "run-record-fail" LIMIT 1

2026/09/23 21:27:00 [32m/Users/wuyongjun/.codex/worktrees/craft-107-integration/WeKnora-fork01/internal/application/repository/knowledge.go:352
[0m[33m[0.023ms] [34;1m[rows:1][0m SELECT * FROM `knowledges` WHERE (tenant_id = 1 AND id IN ("k-a")) AND `knowledges`.`deleted_at` IS NULL

2026/09/23 21:27:00 [31;1m/Users/wuyongjun/.codex/worktrees/craft-107-integration/WeKnora-fork01/internal/application/repository/craft_knowledge_records.go:138 [35;1mrecord not found
[0m[33m[0.007ms] [34;1m[rows:0][0m SELECT * FROM `craft_knowledge_records` WHERE tenant_id = 1 AND session_id = "s-craft" AND run_id = "run-record-fail" LIMIT 1

2026/09/23 21:27:00 [32m/Users/wuyongjun/.codex/worktrees/craft-107-integration/WeKnora-fork01/internal/application/repository/knowledge.go:352
[0m[33m[0.022ms] [34;1m[rows:1][0m SELECT * FROM `knowledges` WHERE (tenant_id = 1 AND id IN ("k-a")) AND `knowledges`.`deleted_at` IS NULL

2026/09/23 21:27:00 [32m/Users/wuyongjun/.codex/worktrees/craft-107-integration/WeKnora-fork01/internal/application/repository/knowledge.go:352
[0m[33m[0.020ms] [34;1m[rows:1][0m SELECT * FROM `knowledges` WHERE (tenant_id = 1 AND id IN ("k-a")) AND `knowledges`.`deleted_at` IS NULL

2026/09/23 21:27:00 [32m/Users/wuyongjun/.codex/worktrees/craft-107-integration/WeKnora-fork01/internal/application/repository/knowledge.go:352
[0m[33m[0.019ms] [34;1m[rows:1][0m SELECT * FROM `knowledges` WHERE (tenant_id = 1 AND id IN ("k-a")) AND `knowledges`.`deleted_at` IS NULL

2026/09/23 21:27:00 [32m/Users/wuyongjun/.codex/worktrees/craft-107-integration/WeKnora-fork01/internal/application/repository/knowledge.go:352
[0m[33m[0.019ms] [34;1m[rows:1][0m SELECT * FROM `knowledges` WHERE (tenant_id = 1 AND id IN ("k-a")) AND `knowledges`.`deleted_at` IS NULL

2026/09/23 21:27:00 [32m/Users/wuyongjun/.codex/worktrees/craft-107-integration/WeKnora-fork01/internal/application/repository/knowledge.go:352
[0m[33m[0.019ms] [34;1m[rows:1][0m SELECT * FROM `knowledges` WHERE (tenant_id = 1 AND id IN ("k-a")) AND `knowledges`.`deleted_at` IS NULL

2026/09/23 21:27:00 [32m/Users/wuyongjun/.codex/worktrees/craft-107-integration/WeKnora-fork01/internal/application/repository/knowledge.go:352
[0m[33m[0.012ms] [34;1m[rows:0][0m SELECT * FROM `knowledges` WHERE (tenant_id = 1 AND id IN ("k-shared")) AND `knowledges`.`deleted_at` IS NULL

2026/09/23 21:27:00 [32m/Users/wuyongjun/.codex/worktrees/craft-107-integration/WeKnora-fork01/internal/application/repository/knowledge.go:352
[0m[33m[0.011ms] [34;1m[rows:0][0m SELECT * FROM `knowledges` WHERE (tenant_id = 1 AND id IN ("k-shared")) AND `knowledges`.`deleted_at` IS NULL
json

2026/09/23 21:27:00 [31;1m/Users/wuyongjun/.codex/worktrees/craft-107-integration/WeKnora-fork01/internal/application/repository/craft_knowledge_records.go:138 [35;1mrecord not found
[0m[33m[0.007ms] [34;1m[rows:0][0m SELECT * FROM `craft_knowledge_records` WHERE tenant_id = 1 AND session_id = "s-craft" AND run_id = "run-real-record" LIMIT 1

2026/09/23 21:27:00 [32m/Users/wuyongjun/.codex/worktrees/craft-107-integration/WeKnora-fork01/internal/application/repository/knowledge.go:352
[0m[33m[0.019ms] [34;1m[rows:1][0m SELECT * FROM `knowledges` WHERE (tenant_id = 1 AND id IN ("k-a")) AND `knowledges`.`deleted_at` IS NULL

2026/09/23 21:27:00 [32m/Users/wuyongjun/.codex/worktrees/craft-107-integration/WeKnora-fork01/internal/application/repository/knowledge.go:352
[0m[33m[0.019ms] [34;1m[rows:1][0m SELECT * FROM `knowledges` WHERE (tenant_id = 1 AND id IN ("k-a")) AND `knowledges`.`deleted_at` IS NULL

2026/09/23 21:27:00 [32m/Users/wuyongjun/.codex/worktrees/craft-107-integration/WeKnora-fork01/internal/application/repository/knowledge.go:352
[0m[33m[0.018ms] [34;1m[rows:1][0m SELECT * FROM `knowledges` WHERE (tenant_id = 1 AND id IN ("k-a")) AND `knowledges`.`deleted_at` IS NULL

2026/09/23 21:27:00 [32m/Users/wuyongjun/.codex/worktrees/craft-107-integration/WeKnora-fork01/internal/application/repository/knowledge.go:352
[0m[33m[0.019ms] [34;1m[rows:1][0m SELECT * FROM `knowledges` WHERE (tenant_id = 1 AND id IN ("k-a")) AND `knowledges`.`deleted_at` IS NULL

2026/09/23 21:27:00 [32m/Users/wuyongjun/.codex/worktrees/craft-107-integration/WeKnora-fork01/internal/application/repository/knowledge.go:352
[0m[33m[0.018ms] [34;1m[rows:1][0m SELECT * FROM `knowledges` WHERE (tenant_id = 1 AND id IN ("k-a")) AND `knowledges`.`deleted_at` IS NULL

2026/09/23 21:27:00 [32m/Users/wuyongjun/.codex/worktrees/craft-107-integration/WeKnora-fork01/internal/application/repository/knowledge.go:352
[0m[33m[0.018ms] [34;1m[rows:1][0m SELECT * FROM `knowledges` WHERE (tenant_id = 1 AND id IN ("k-a")) AND `knowledges`.`deleted_at` IS NULL

2026/09/23 21:27:00 [32m/Users/wuyongjun/.codex/worktrees/craft-107-integration/WeKnora-fork01/internal/application/repository/knowledge.go:352
[0m[33m[0.018ms] [34;1m[rows:1][0m SELECT * FROM `knowledges` WHERE (tenant_id = 1 AND id IN ("k-a")) AND `knowledges`.`deleted_at` IS NULL

2026/09/23 21:27:00 [32m/Users/wuyongjun/.codex/worktrees/craft-107-integration/WeKnora-fork01/internal/application/repository/knowledge.go:352
[0m[33m[0.011ms] [34;1m[rows:0][0m SELECT * FROM `knowledges` WHERE (tenant_id = 1 AND id IN ("k-a")) AND `knowledges`.`deleted_at` IS NULL

2026/09/23 21:27:00 [32m/Users/wuyongjun/.codex/worktrees/craft-107-integration/WeKnora-fork01/internal/application/repository/knowledge.go:352
[0m[33m[0.010ms] [34;1m[rows:0][0m SELECT * FROM `knowledges` WHERE (tenant_id = 1 AND id IN ("k-a")) AND `knowledges`.`deleted_at` IS NULL

2026/09/23 21:27:00 [32m/Users/wuyongjun/.codex/worktrees/craft-107-integration/WeKnora-fork01/internal/application/repository/knowledge.go:352
[0m[33m[0.018ms] [34;1m[rows:1][0m SELECT * FROM `knowledges` WHERE (tenant_id = 1 AND id IN ("k-b")) AND `knowledges`.`deleted_at` IS NULL

2026/09/23 21:27:00 [32m/Users/wuyongjun/.codex/worktrees/craft-107-integration/WeKnora-fork01/internal/application/repository/knowledge.go:352
[0m[33m[0.069ms] [34;1m[rows:1][0m SELECT * FROM `knowledges` WHERE (tenant_id = 1 AND id IN ("k-a")) AND `knowledges`.`deleted_at` IS NULL

2026/09/23 21:27:00 [32m/Users/wuyongjun/.codex/worktrees/craft-107-integration/WeKnora-fork01/internal/application/repository/knowledge.go:352
[0m[33m[0.031ms] [34;1m[rows:1][0m SELECT * FROM `knowledges` WHERE (tenant_id = 1 AND id IN ("k-a")) AND `knowledges`.`deleted_at` IS NULL

2026/09/23 21:27:00 [32m/Users/wuyongjun/.codex/worktrees/craft-107-integration/WeKnora-fork01/internal/application/repository/knowledge.go:352
[0m[33m[0.032ms] [34;1m[rows:1][0m SELECT * FROM `knowledges` WHERE (tenant_id = 1 AND id IN ("k-own","k-shared")) AND `knowledges`.`deleted_at` IS NULL

2026/09/23 21:27:00 [32m/Users/wuyongjun/.codex/worktrees/craft-107-integration/WeKnora-fork01/internal/application/repository/knowledge.go:352
[0m[33m[0.026ms] [34;1m[rows:1][0m SELECT * FROM `knowledges` WHERE (tenant_id = 1 AND id IN ("k-own","k-foreign")) AND `knowledges`.`deleted_at` IS NULL

2026/09/23 21:27:00 [32m/Users/wuyongjun/.codex/worktrees/craft-107-integration/WeKnora-fork01/internal/application/repository/knowledge.go:352
[0m[33m[0.013ms] [34;1m[rows:0][0m SELECT * FROM `knowledges` WHERE (tenant_id = 1 AND id IN ("k-shared")) AND `knowledges`.`deleted_at` IS NULL
json

2026/09/23 21:27:00 [32m/Users/wuyongjun/.codex/worktrees/craft-107-integration/WeKnora-fork01/internal/application/repository/knowledge.go:352
[0m[33m[0.013ms] [34;1m[rows:0][0m SELECT * FROM `knowledges` WHERE (tenant_id = 1 AND id IN ("k-shared")) AND `knowledges`.`deleted_at` IS NULL

2026/09/23 21:27:00 [32m/Users/wuyongjun/.codex/worktrees/craft-107-integration/WeKnora-fork01/internal/application/repository/knowledge.go:352
[0m[33m[0.011ms] [34;1m[rows:0][0m SELECT * FROM `knowledges` WHERE (tenant_id = 1 AND id IN ("k-shared")) AND `knowledges`.`deleted_at` IS NULL

2026/09/23 21:27:00 [32m/Users/wuyongjun/.codex/worktrees/craft-107-integration/WeKnora-fork01/internal/application/repository/knowledge.go:352
[0m[33m[0.023ms] [34;1m[rows:1][0m SELECT * FROM `knowledges` WHERE (tenant_id = 1 AND id IN ("k-big")) AND `knowledges`.`deleted_at` IS NULL

2026/09/23 21:27:00 [32m/Users/wuyongjun/.codex/worktrees/craft-107-integration/WeKnora-fork01/internal/application/repository/knowledge.go:352
[0m[33m[0.034ms] [34;1m[rows:1][0m SELECT * FROM `knowledges` WHERE (tenant_id = 1 AND id IN ("k-many")) AND `knowledges`.`deleted_at` IS NULL

2026/09/23 21:27:00 [32m/Users/wuyongjun/.codex/worktrees/craft-107-integration/WeKnora-fork01/internal/application/repository/knowledge.go:352
[0m[33m[0.025ms] [34;1m[rows:1][0m SELECT * FROM `knowledges` WHERE (tenant_id = 1 AND id IN ("k-huge")) AND `knowledges`.`deleted_at` IS NULL

2026/09/23 21:27:00 [32m/Users/wuyongjun/.codex/worktrees/craft-107-integration/WeKnora-fork01/internal/application/repository/knowledge.go:352
[0m[33m[0.023ms] [34;1m[rows:1][0m SELECT * FROM `knowledges` WHERE (tenant_id = 1 AND id IN ("k-quiet")) AND `knowledges`.`deleted_at` IS NULL

2026/09/23 21:27:00 [32m/Users/wuyongjun/.codex/worktrees/craft-107-integration/WeKnora-fork01/internal/application/repository/knowledge.go:352
[0m[33m[0.021ms] [34;1m[rows:1][0m SELECT * FROM `knowledges` WHERE (tenant_id = 1 AND id IN ("k-own")) AND `knowledges`.`deleted_at` IS NULL

2026/09/23 21:27:00 [32m/Users/wuyongjun/.codex/worktrees/craft-107-integration/WeKnora-fork01/internal/application/repository/knowledge.go:352
[0m[33m[0.032ms] [34;1m[rows:1][0m SELECT * FROM `knowledges` WHERE (tenant_id = 1 AND id IN ("k-own","k-shared")) AND `knowledges`.`deleted_at` IS NULL

2026/09/23 21:27:00 [32m/Users/wuyongjun/.codex/worktrees/craft-107-integration/WeKnora-fork01/internal/application/repository/knowledge.go:352
[0m[33m[0.022ms] [34;1m[rows:1][0m SELECT * FROM `knowledges` WHERE (tenant_id = 1 AND id IN ("k-own","k-shared")) AND `knowledges`.`deleted_at` IS NULL

2026/09/23 21:27:00 [32m/Users/wuyongjun/.codex/worktrees/craft-107-integration/WeKnora-fork01/internal/application/repository/knowledge.go:352
[0m[33m[0.024ms] [34;1m[rows:1][0m SELECT * FROM `knowledges` WHERE (tenant_id = 1 AND id IN ("k-own","k-shared")) AND `knowledges`.`deleted_at` IS NULL

2026/09/23 21:27:00 [32m/Users/wuyongjun/.codex/worktrees/craft-107-integration/WeKnora-fork01/internal/application/repository/knowledge.go:352
[0m[33m[0.026ms] [34;1m[rows:1][0m SELECT * FROM `knowledges` WHERE (tenant_id = 1 AND id IN ("k-own","k-shared")) AND `knowledges`.`deleted_at` IS NULL

2026/09/23 21:27:00 [32m/Users/wuyongjun/.codex/worktrees/craft-107-integration/WeKnora-fork01/internal/application/repository/knowledge.go:352
[0m[33m[0.021ms] [34;1m[rows:1][0m SELECT * FROM `knowledges` WHERE (tenant_id = 1 AND id IN ("k-own","k-shared")) AND `knowledges`.`deleted_at` IS NULL

2026/09/23 21:27:00 [32m/Users/wuyongjun/.codex/worktrees/craft-107-integration/WeKnora-fork01/internal/application/repository/knowledge.go:352
[0m[33m[0.021ms] [34;1m[rows:1][0m SELECT * FROM `knowledges` WHERE (tenant_id = 1 AND id IN ("k-own","k-shared")) AND `knowledges`.`deleted_at` IS NULL

2026/09/23 21:27:00 [32m/Users/wuyongjun/.codex/worktrees/craft-107-integration/WeKnora-fork01/internal/application/repository/knowledge.go:352
[0m[33m[0.020ms] [34;1m[rows:1][0m SELECT * FROM `knowledges` WHERE (tenant_id = 1 AND id IN ("k-own","k-shared")) AND `knowledges`.`deleted_at` IS NULL

2026/09/23 21:27:00 [32m/Users/wuyongjun/.codex/worktrees/craft-107-integration/WeKnora-fork01/internal/application/repository/knowledge.go:352
[0m[33m[0.019ms] [34;1m[rows:1][0m SELECT * FROM `knowledges` WHERE (tenant_id = 1 AND id IN ("k-own","k-shared")) AND `knowledges`.`deleted_at` IS NULL

2026/09/23 21:27:00 [32m/Users/wuyongjun/.codex/worktrees/craft-107-integration/WeKnora-fork01/internal/application/repository/knowledge.go:352
[0m[33m[0.020ms] [34;1m[rows:1][0m SELECT * FROM `knowledges` WHERE (tenant_id = 1 AND id IN ("k-own","k-shared")) AND `knowledges`.`deleted_at` IS NULL

2026/09/23 21:27:00 [32m/Users/wuyongjun/.codex/worktrees/craft-107-integration/WeKnora-fork01/internal/application/repository/knowledge.go:352
[0m[33m[0.019ms] [34;1m[rows:1][0m SELECT * FROM `knowledges` WHERE (tenant_id = 1 AND id IN ("k-own","k-shared")) AND `knowledges`.`deleted_at` IS NULL

2026/09/23 21:27:00 [32m/Users/wuyongjun/.codex/worktrees/craft-107-integration/WeKnora-fork01/internal/application/repository/knowledge.go:352
[0m[33m[0.019ms] [34;1m[rows:1][0m SELECT * FROM `knowledges` WHERE (tenant_id = 1 AND id IN ("k-own","k-shared")) AND `knowledges`.`deleted_at` IS NULL

2026/09/23 21:27:00 [32m/Users/wuyongjun/.codex/worktrees/craft-107-integration/WeKnora-fork01/internal/application/repository/knowledge.go:352
[0m[33m[0.027ms] [34;1m[rows:1][0m SELECT * FROM `knowledges` WHERE (tenant_id = 1 AND id IN ("k-own","k-shared")) AND `knowledges`.`deleted_at` IS NULL

2026/09/23 21:27:00 [32m/Users/wuyongjun/.codex/worktrees/craft-107-integration/WeKnora-fork01/internal/application/repository/knowledge.go:352
[0m[33m[0.026ms] [34;1m[rows:1][0m SELECT * FROM `knowledges` WHERE (tenant_id = 1 AND id IN ("k-own","k-shared")) AND `knowledges`.`deleted_at` IS NULL
json
json
json
json
json
json
json
json
json
json
json
json
json
json
json
json
json
json
json
json
json
json
json
json
json
json
json
json
json
json
json
json
json
json
json
json
json
json
json
json
json
json
json
json
json
json
json
json
json
json
json
json
json
json
json
json
json
json
json
json
json
json
json
json
json
json
json
json
json
json
json
json
json
json
json
json
json
json
json
json
json
json
json
json
json
json
json
json
json
json
json
json
json
json
json
json
json
json
json
json
json
json
json
json
json
json
json
json
json
json
json
json
json
json
json
json
json
json
json
json
json
json
json
json
json
json
json
json
json
json
json
json
json
json
json
json
json
json
json
json
json
json
json
json
json
json
json
json
json
json
json
json
json
json
json
json
json
json
json
json
json
json
json
json
json
json
json
json
json
json
json
json
json
json
json
json
json
json
json
json
json
json
json
json
json
json
json
json
json
json
json
json
json
json
json
json
json
json
json
json
json
json
json
json
json
json
json
json
json
json
json
json
json
json
json
json
json
json
json
json
json
json
json
json
json
json
json
json
json
json
json
json
json
json
json
json
json
json
json
json
json
json
json
json
json
json
json
json
json
json
json
json
json
json
json
json
json
json
json
json
json
json
json
json
json
json
json
json
json
json
json
json
json
json
json
json
json
json
json
json
json
json
json
json
json
json
json
json
json
json
json
json
json
json
json
json
json
json
json
json
json
json
json
json
json
json
json
json
json
json
json
json
json
json
json
json
json
json
json
json
json
json
json
json
json
json
json
json
json
json
json
json
json
json
json
json
json
json
json
json
json
json
json
json
json
json
json
json
json
json
json
json
json
json
json
json
json
json
json
json
json
json
json
json
json
json
json
json
json
json
json
json
json
json
json
json
json
json
json
json
json
json
json
json
json
json
json
json
json
json
json
json
json
json
json
json
json
json
json
json
json
json
json
json
json
json
json
json
json
json
json
json
json
json
json
json
json
json
json
json
json
json
json
json
json
json
json
json
json
json
json
json
json
json
json
json
json
json
json
json
json
json
json
json
json
json
json
json
json
json
json
json
json
json
json
json
json
json
json
json
json
json
json
json
json
json
json
json
json
json
json
json
json
json
json
json
json
json
json
json
json
json
json
json
json
json
json
json
json
json
json
json
json
json
json
json
json
json
json
json
json
json
json
json
json
json
json
json
json
json
json
json
json
json
json
json
json
json
json
json
json
json
json
json
json
json
json
json
json
json
json
json
json
json
json
json
json
json
json
json
json
json
json
json
json
json
json
json
json
json
json
json
json
json
json
json
json
json
json
json
json
json
json
json
json
json
json
json
json
json
json
json
json
json
json
json
json
json
json
json
json
json
json
json
json
json
json
json
json
json
json
json
json
json
json
json
json
json
json
json
json
json
json
json
json
json
json
json
json
json
json
json
json
json
json
json
json
json
json
json
json
json
json
json
json
json
json
json
json
json
json
json
json
json
json
json
json
json
json
json
json
json
json
json
json
json
json
json
json
json
json
json
json
json
json
json
json
json
json
json
json
json
json
json
json
json
json
json
json
json
json
json
json
json
json
json
json
json
json
json
json
json
json
json
json
json
json
json
json
json
json
json
json
json
json
json
json
json
json
json
json
json
json
json
json
json
json
json
json
json
json
json
json
json
json

2026/09/23 21:27:20 [32m/Users/wuyongjun/.codex/worktrees/craft-107-integration/WeKnora-fork01/internal/application/repository/knowledge.go:352
[0m[33m[0.020ms] [34;1m[rows:0][0m SELECT * FROM `knowledges` WHERE (tenant_id = 1 AND id IN ("k-foreign")) AND `knowledges`.`deleted_at` IS NULL

2026/09/23 21:27:20 [32m/Users/wuyongjun/.codex/worktrees/craft-107-integration/WeKnora-fork01/internal/application/repository/knowledge.go:352
[0m[33m[0.014ms] [34;1m[rows:0][0m SELECT * FROM `knowledges` WHERE (tenant_id = 1 AND id IN ("k-shared")) AND `knowledges`.`deleted_at` IS NULL

2026/09/23 21:27:20 [32m/Users/wuyongjun/.codex/worktrees/craft-107-integration/WeKnora-fork01/internal/application/repository/knowledge.go:352
[0m[33m[0.012ms] [34;1m[rows:0][0m SELECT * FROM `knowledges` WHERE (tenant_id = 1 AND id IN ("k-shared")) AND `knowledges`.`deleted_at` IS NULL

2026/09/23 21:27:20 [32m/Users/wuyongjun/.codex/worktrees/craft-107-integration/WeKnora-fork01/internal/application/repository/knowledge.go:352
[0m[33m[0.020ms] [34;1m[rows:1][0m SELECT * FROM `knowledges` WHERE (tenant_id = 1 AND id IN ("k-own")) AND `knowledges`.`deleted_at` IS NULL
--- FAIL: TestCraftSourceGuardDocumentContentCannotWidenPermissions (0.00s)
    craft_source_guard_test.go:78: 
        	Error Trace:	/Users/wuyongjun/.codex/worktrees/craft-107-integration/WeKnora-fork01/internal/application/service/craft_source_guard_test.go:78
        	Error:      	elements differ
        	            	
        	            	extra elements in list B:
        	            	([]interface {}) (len=1) {
        	            	 (string) (len=5) "Empty"
        	            	}
        	            	
        	            	
        	            	listA:
        	            	([]string) (len=2) {
        	            	 (string) (len=7) "Sources",
        	            	 (string) (len=9) "Truncated"
        	            	}
        	            	
        	            	
        	            	listB:
        	            	([]string) (len=3) {
        	            	 (string) (len=7) "Sources",
        	            	 (string) (len=9) "Truncated",
        	            	 (string) (len=5) "Empty"
        	            	}
        	Test:       	TestCraftSourceGuardDocumentContentCannotWidenPermissions
json
json
json
json
json
json
json
json
json
json
json
json
json
json
json
json
json
json
json
json
json
json
json
json
json
json
json
json
json
json
json
json
json
json
json
json
json
json
json
json
json
json
json
json
json
json
json
json
json
json
json
json
json
json
json
json
json
json
json
json
json
json
json
json
json
json
json
json
json
json
json
json
json
json
json
json
json
json
json
json
json
json
json
json
json
json
json
json
json
json
json
json
json
json
json
json
json
json
json
json
json
json
json
json
json
json
json
json
json
json
json
json
json
json
json
json
json
json
json
json
json
json
json
json
json
json
json
json
json
json
json
json
json
json
json
json
json
json
json
json
json
json
json
json
json
json
json
json
json
json
json
json
json
json
json
json
json
json
json
json
json
json
json
json
json
json
json
json
json
json
json
json
json
json
json
json
json
json
json
json
json
json
json
json
json
json
json
json
json
json
json
json
json
json
json
json
json
json
json
json
json
json
json
json
json
json
json
json
json
json
json
json
json
json
json
json
json
json
json
json
json
json
json
2026/09/23 21:27:27 [crypto] datasource credential "access_token": decrypt failed (SYSTEM_AES_KEY missing/rotated?), treating as unconfigured
2026/09/23 21:27:27 [crypto] datasource credential "refresh_token": decrypt failed (SYSTEM_AES_KEY missing/rotated?), treating as unconfigured
json
json
json
json
json
json
json
json
json
json
json
json
json
json
json
json
json
json
json
json
json
json
json

2026/09/23 21:27:27 [31;1m/Users/wuyongjun/.codex/worktrees/craft-107-integration/WeKnora-fork01/internal/application/service/datasource_credential_refresh_trigger_test.go:50 [35;1mrecord not found
[0m[33m[0.013ms] [34;1m[rows:0][0m SELECT * FROM `app_datasource_bindings` WHERE tenant_id = 21 AND datasource_id = "ds-cred-trigger" LIMIT 1

2026/09/23 21:27:27 [31;1m/Users/wuyongjun/.codex/worktrees/craft-107-integration/WeKnora-fork01/internal/application/service/datasource_credential_refresh_trigger_test.go:50 [35;1mrecord not found
[0m[33m[0.010ms] [34;1m[rows:0][0m SELECT * FROM `app_datasource_bindings` WHERE tenant_id = 21 AND datasource_id = "ds-cred-trigger" LIMIT 1
json
json
json
json
json
json
json
json
2026/09/23 21:27:27 [crypto] datasource credential "access_token": decrypt failed (SYSTEM_AES_KEY missing/rotated?), treating as unconfigured
2026/09/23 21:27:27 [crypto] datasource credential "expires_at": decrypt failed (SYSTEM_AES_KEY missing/rotated?), treating as unconfigured
2026/09/23 21:27:27 [crypto] datasource credential "refresh_token": decrypt failed (SYSTEM_AES_KEY missing/rotated?), treating as unconfigured
json
json
json
json
json
json
json
json
json

2026/09/23 21:27:27 [31;1m/Users/wuyongjun/.codex/worktrees/craft-107-integration/WeKnora-fork01/internal/application/service/datasource_credential_refresh_trigger_test.go:50 [35;1mrecord not found
[0m[33m[0.011ms] [34;1m[rows:0][0m SELECT * FROM `app_datasource_bindings` WHERE tenant_id = 21 AND datasource_id = "ds-cred-trigger" LIMIT 1

2026/09/23 21:27:27 [31;1m/Users/wuyongjun/.codex/worktrees/craft-107-integration/WeKnora-fork01/internal/application/service/datasource_credential_refresh_trigger_test.go:50 [35;1mrecord not found
[0m[33m[0.009ms] [34;1m[rows:0][0m SELECT * FROM `app_datasource_bindings` WHERE tenant_id = 21 AND datasource_id = "ds-cred-trigger" LIMIT 1
json
json
json

2026/09/23 21:27:27 [31;1m/Users/wuyongjun/.codex/worktrees/craft-107-integration/WeKnora-fork01/internal/application/service/datasource_credential_refresh_trigger_test.go:50 [35;1mrecord not found
[0m[33m[0.009ms] [34;1m[rows:0][0m SELECT * FROM `app_datasource_bindings` WHERE tenant_id = 21 AND datasource_id = "ds-cred-trigger" LIMIT 1
json
json

2026/09/23 21:27:27 [31;1m/Users/wuyongjun/.codex/worktrees/craft-107-integration/WeKnora-fork01/internal/application/service/datasource_credential_refresh_trigger_test.go:178 [35;1mrecord not found
[0m[33m[0.009ms] [34;1m[rows:0][0m SELECT * FROM `app_datasource_bindings` WHERE tenant_id = 21 AND datasource_id = "ds-cred-trigger" LIMIT 1
json
json
json
json
json
json
json
json
json
json
json

2026/09/23 21:27:27 [31;1m/Users/wuyongjun/.codex/worktrees/craft-107-integration/WeKnora-fork01/internal/application/repository/datasource_repo.go:55 [35;1mrecord not found
[0m[33m[0.040ms] [34;1m[rows:0][0m SELECT * FROM `data_sources` WHERE id = "ds-sqlite-delete" AND deleted_at IS NULL AND `data_sources`.`deleted_at` IS NULL ORDER BY `data_sources`.`id` LIMIT 1

2026/09/23 21:27:27 [31;1m/Users/wuyongjun/.codex/worktrees/craft-107-integration/WeKnora-fork01/internal/application/repository/datasource_repo.go:133 [35;1mforced soft delete failure
[0m[33m[0.029ms] [34;1m[rows:0][0m UPDATE `data_sources` SET `deleted_at`="2026-09-23 21:27:27.196" WHERE id = "ds-sqlite-delete" AND `data_sources`.`deleted_at` IS NULL
json
json
json
json
json
json

2026/09/23 21:27:27 [31;1m/Users/wuyongjun/.codex/worktrees/craft-107-integration/WeKnora-fork01/internal/application/repository/datasource_repo.go:55 [35;1mrecord not found
[0m[33m[0.016ms] [34;1m[rows:0][0m SELECT * FROM `data_sources` WHERE id = "ds-sqlite-delete" AND deleted_at IS NULL AND `data_sources`.`deleted_at` IS NULL ORDER BY `data_sources`.`id` LIMIT 1
json
json
json
json

2026/09/23 21:27:27 [32m/Users/wuyongjun/.codex/worktrees/craft-107-integration/WeKnora-fork01/internal/application/repository/knowledge.go:352
[0m[33m[0.050ms] [34;1m[rows:3][0m SELECT * FROM `knowledges` WHERE (tenant_id = 1 AND id IN ("doc-purge-1","doc-purge-2","doc-purge-3")) AND `knowledges`.`deleted_at` IS NULL
json
json
json
json
json

2026/09/23 21:27:27 [31;1m/Users/wuyongjun/.codex/worktrees/craft-107-integration/WeKnora-fork01/internal/application/service/datasource_purge_test.go:257 [35;1mrecord not found
[0m[33m[0.039ms] [34;1m[rows:0][0m SELECT * FROM `knowledges` WHERE id = "doc-purge-1" ORDER BY `knowledges`.`id` LIMIT 1

2026/09/23 21:27:27 [31;1m/Users/wuyongjun/.codex/worktrees/craft-107-integration/WeKnora-fork01/internal/application/service/datasource_purge_test.go:257 [35;1mrecord not found
[0m[33m[0.017ms] [34;1m[rows:0][0m SELECT * FROM `knowledges` WHERE id = "doc-purge-2" ORDER BY `knowledges`.`id` LIMIT 1

2026/09/23 21:27:27 [31;1m/Users/wuyongjun/.codex/worktrees/craft-107-integration/WeKnora-fork01/internal/application/service/datasource_purge_test.go:257 [35;1mrecord not found
[0m[33m[0.029ms] [34;1m[rows:0][0m SELECT * FROM `knowledges` WHERE id = "doc-purge-3" ORDER BY `knowledges`.`id` LIMIT 1
json
json
json

2026/09/23 21:27:27 [32m/Users/wuyongjun/.codex/worktrees/craft-107-integration/WeKnora-fork01/internal/application/repository/knowledge.go:352
[0m[33m[0.047ms] [34;1m[rows:3][0m SELECT * FROM `knowledges` WHERE (tenant_id = 1 AND id IN ("doc-purge-1","doc-purge-2","doc-purge-3")) AND `knowledges`.`deleted_at` IS NULL
json
json
json
json
json

2026/09/23 21:27:27 [31;1m/Users/wuyongjun/.codex/worktrees/craft-107-integration/WeKnora-fork01/internal/application/service/datasource_purge_test.go:276 [35;1mrecord not found
[0m[33m[0.013ms] [34;1m[rows:0][0m SELECT * FROM `knowledge_tags` WHERE id = "tag-auto-purge" ORDER BY `knowledge_tags`.`id` LIMIT 1
json
json

2026/09/23 21:27:27 [31;1m/Users/wuyongjun/.codex/worktrees/craft-107-integration/WeKnora-fork01/internal/application/repository/datasource_repo.go:55 [35;1mrecord not found
[0m[33m[0.013ms] [34;1m[rows:0][0m SELECT * FROM `data_sources` WHERE id = "ds-purge" AND deleted_at IS NULL AND `data_sources`.`deleted_at` IS NULL ORDER BY `data_sources`.`id` LIMIT 1
json
json

2026/09/23 21:27:27 [32m/Users/wuyongjun/.codex/worktrees/craft-107-integration/WeKnora-fork01/internal/application/repository/knowledge.go:352
[0m[33m[1.178ms] [34;1m[rows:200][0m SELECT * FROM `knowledges` WHERE (tenant_id = 1 AND id IN ("doc-batch-000","doc-batch-001","doc-batch-002","doc-batch-003","doc-batch-004","doc-batch-005","doc-batch-006","doc-batch-007","doc-batch-008","doc-batch-009","doc-batch-010","doc-batch-011","doc-batch-012","doc-batch-013","doc-batch-014","doc-batch-015","doc-batch-016","doc-batch-017","doc-batch-018","doc-batch-019","doc-batch-020","doc-batch-021","doc-batch-022","doc-batch-023","doc-batch-024","doc-batch-025","doc-batch-026","doc-batch-027","doc-batch-028","doc-batch-029","doc-batch-030","doc-batch-031","doc-batch-032","doc-batch-033","doc-batch-034","doc-batch-035","doc-batch-036","doc-batch-037","doc-batch-038","doc-batch-039","doc-batch-040","doc-batch-041","doc-batch-042","doc-batch-043","doc-batch-044","doc-batch-045","doc-batch-046","doc-batch-047","doc-batch-048","doc-batch-049","doc-batch-050","doc-batch-051","doc-batch-052","doc-batch-053","doc-batch-054","doc-batch-055","doc-batch-056","doc-batch-057","doc-batch-058","doc-batch-059","doc-batch-060","doc-batch-061","doc-batch-062","doc-batch-063","doc-batch-064","doc-batch-065","doc-batch-066","doc-batch-067","doc-batch-068","doc-batch-069","doc-batch-070","doc-batch-071","doc-batch-072","doc-batch-073","doc-batch-074","doc-batch-075","doc-batch-076","doc-batch-077","doc-batch-078","doc-batch-079","doc-batch-080","doc-batch-081","doc-batch-082","doc-batch-083","doc-batch-084","doc-batch-085","doc-batch-086","doc-batch-087","doc-batch-088","doc-batch-089","doc-batch-090","doc-batch-091","doc-batch-092","doc-batch-093","doc-batch-094","doc-batch-095","doc-batch-096","doc-batch-097","doc-batch-098","doc-batch-099","doc-batch-100","doc-batch-101","doc-batch-102","doc-batch-103","doc-batch-104","doc-batch-105","doc-batch-106","doc-batch-107","doc-batch-108","doc-batch-109","doc-batch-110","doc-batch-111","doc-batch-112","doc-batch-113","doc-batch-114","doc-batch-115","doc-batch-116","doc-batch-117","doc-batch-118","doc-batch-119","doc-batch-120","doc-batch-121","doc-batch-122","doc-batch-123","doc-batch-124","doc-batch-125","doc-batch-126","doc-batch-127","doc-batch-128","doc-batch-129","doc-batch-130","doc-batch-131","doc-batch-132","doc-batch-133","doc-batch-134","doc-batch-135","doc-batch-136","doc-batch-137","doc-batch-138","doc-batch-139","doc-batch-140","doc-batch-141","doc-batch-142","doc-batch-143","doc-batch-144","doc-batch-145","doc-batch-146","doc-batch-147","doc-batch-148","doc-batch-149","doc-batch-150","doc-batch-151","doc-batch-152","doc-batch-153","doc-batch-154","doc-batch-155","doc-batch-156","doc-batch-157","doc-batch-158","doc-batch-159","doc-batch-160","doc-batch-161","doc-batch-162","doc-batch-163","doc-batch-164","doc-batch-165","doc-batch-166","doc-batch-167","doc-batch-168","doc-batch-169","doc-batch-170","doc-batch-171","doc-batch-172","doc-batch-173","doc-batch-174","doc-batch-175","doc-batch-176","doc-batch-177","doc-batch-178","doc-batch-179","doc-batch-180","doc-batch-181","doc-batch-182","doc-batch-183","doc-batch-184","doc-batch-185","doc-batch-186","doc-batch-187","doc-batch-188","doc-batch-189","doc-batch-190","doc-batch-191","doc-batch-192","doc-batch-193","doc-batch-194","doc-batch-195","doc-batch-196","doc-batch-197","doc-batch-198","doc-batch-199")) AND `knowledges`.`deleted_at` IS NULL
json
json
json
json
json
json

2026/09/23 21:27:27 [32m/Users/wuyongjun/.codex/worktrees/craft-107-integration/WeKnora-fork01/internal/application/repository/knowledge.go:352
[0m[33m[0.099ms] [34;1m[rows:8][0m SELECT * FROM `knowledges` WHERE (tenant_id = 1 AND id IN ("doc-batch-200","doc-batch-201","doc-batch-202","doc-batch-203","doc-batch-204","doc-purge-1","doc-purge-2","doc-purge-3")) AND `knowledges`.`deleted_at` IS NULL
json
json
json
json
json
json
json
json

2026/09/23 21:27:27 [32m/Users/wuyongjun/.codex/worktrees/craft-107-integration/WeKnora-fork01/internal/application/repository/knowledge.go:352
[0m[33m[1.898ms] [34;1m[rows:200][0m SELECT * FROM `knowledges` WHERE (tenant_id = 1 AND id IN ("doc-cancel-000","doc-cancel-001","doc-cancel-002","doc-cancel-003","doc-cancel-004","doc-cancel-005","doc-cancel-006","doc-cancel-007","doc-cancel-008","doc-cancel-009","doc-cancel-010","doc-cancel-011","doc-cancel-012","doc-cancel-013","doc-cancel-014","doc-cancel-015","doc-cancel-016","doc-cancel-017","doc-cancel-018","doc-cancel-019","doc-cancel-020","doc-cancel-021","doc-cancel-022","doc-cancel-023","doc-cancel-024","doc-cancel-025","doc-cancel-026","doc-cancel-027","doc-cancel-028","doc-cancel-029","doc-cancel-030","doc-cancel-031","doc-cancel-032","doc-cancel-033","doc-cancel-034","doc-cancel-035","doc-cancel-036","doc-cancel-037","doc-cancel-038","doc-cancel-039","doc-cancel-040","doc-cancel-041","doc-cancel-042","doc-cancel-043","doc-cancel-044","doc-cancel-045","doc-cancel-046","doc-cancel-047","doc-cancel-048","doc-cancel-049","doc-cancel-050","doc-cancel-051","doc-cancel-052","doc-cancel-053","doc-cancel-054","doc-cancel-055","doc-cancel-056","doc-cancel-057","doc-cancel-058","doc-cancel-059","doc-cancel-060","doc-cancel-061","doc-cancel-062","doc-cancel-063","doc-cancel-064","doc-cancel-065","doc-cancel-066","doc-cancel-067","doc-cancel-068","doc-cancel-069","doc-cancel-070","doc-cancel-071","doc-cancel-072","doc-cancel-073","doc-cancel-074","doc-cancel-075","doc-cancel-076","doc-cancel-077","doc-cancel-078","doc-cancel-079","doc-cancel-080","doc-cancel-081","doc-cancel-082","doc-cancel-083","doc-cancel-084","doc-cancel-085","doc-cancel-086","doc-cancel-087","doc-cancel-088","doc-cancel-089","doc-cancel-090","doc-cancel-091","doc-cancel-092","doc-cancel-093","doc-cancel-094","doc-cancel-095","doc-cancel-096","doc-cancel-097","doc-cancel-098","doc-cancel-099","doc-cancel-100","doc-cancel-101","doc-cancel-102","doc-cancel-103","doc-cancel-104","doc-cancel-105","doc-cancel-106","doc-cancel-107","doc-cancel-108","doc-cancel-109","doc-cancel-110","doc-cancel-111","doc-cancel-112","doc-cancel-113","doc-cancel-114","doc-cancel-115","doc-cancel-116","doc-cancel-117","doc-cancel-118","doc-cancel-119","doc-cancel-120","doc-cancel-121","doc-cancel-122","doc-cancel-123","doc-cancel-124","doc-cancel-125","doc-cancel-126","doc-cancel-127","doc-cancel-128","doc-cancel-129","doc-cancel-130","doc-cancel-131","doc-cancel-132","doc-cancel-133","doc-cancel-134","doc-cancel-135","doc-cancel-136","doc-cancel-137","doc-cancel-138","doc-cancel-139","doc-cancel-140","doc-cancel-141","doc-cancel-142","doc-cancel-143","doc-cancel-144","doc-cancel-145","doc-cancel-146","doc-cancel-147","doc-cancel-148","doc-cancel-149","doc-cancel-150","doc-cancel-151","doc-cancel-152","doc-cancel-153","doc-cancel-154","doc-cancel-155","doc-cancel-156","doc-cancel-157","doc-cancel-158","doc-cancel-159","doc-cancel-160","doc-cancel-161","doc-cancel-162","doc-cancel-163","doc-cancel-164","doc-cancel-165","doc-cancel-166","doc-cancel-167","doc-cancel-168","doc-cancel-169","doc-cancel-170","doc-cancel-171","doc-cancel-172","doc-cancel-173","doc-cancel-174","doc-cancel-175","doc-cancel-176","doc-cancel-177","doc-cancel-178","doc-cancel-179","doc-cancel-180","doc-cancel-181","doc-cancel-182","doc-cancel-183","doc-cancel-184","doc-cancel-185","doc-cancel-186","doc-cancel-187","doc-cancel-188","doc-cancel-189","doc-cancel-190","doc-cancel-191","doc-cancel-192","doc-cancel-193","doc-cancel-194","doc-cancel-195","doc-cancel-196","doc-cancel-197","doc-cancel-198","doc-cancel-199")) AND `knowledges`.`deleted_at` IS NULL
json
json
json
json
json
json

2026/09/23 21:27:27 [31;1m/Users/wuyongjun/.codex/worktrees/craft-107-integration/WeKnora-fork01/internal/application/repository/datasource_repo.go:55 [35;1mrecord not found
[0m[33m[0.013ms] [34;1m[rows:0][0m SELECT * FROM `data_sources` WHERE id = "ds-nope" AND deleted_at IS NULL AND `data_sources`.`deleted_at` IS NULL ORDER BY `data_sources`.`id` LIMIT 1
json
json
json
json
json
json
json
json
json
json
json
json
json
json
json
json
json
json
json
json
json
json
json
json
json
json
json
json
json
json
json
json
json
json
json
json
json
json
json
json
json
json
json
json
json
json
json
json
json
json
json
json
json
json
json
json
json
json
json
json
json
json
json
json
json
json
json
json
json
json
json
json
json
json
json
json
json
json
json
json
json
json
json
json
json
json
json
json
json
json
json
json
json
json
json
json
json
json
json
json
json
json
json
json
json
json
json
json
json
json
json
json
json
json
json
json
json
json
json
json
json
json
json
json
json
json
json
json
json
json
json
json
json
json
json
json
json
json
json
json
json
json
json
json
json
json
json
json
json
json
json
json
json
json
json
json
json
json
json
json
json
json
json
json
json
json
json
json
json
json
json
json
json
json
json
json
json
json
json
json
json
json
json
json
json
json
json
json
json
json
json
json
json
json
json
json
json
json
json
json
json
json
json
json
json
json
json
json
json
json
json
json
json
json
json
json
json
json
json
json
json
json
json
json
json
json
json
json
json
json
json
json
json
json
json
json
json
json
json
json
json
json
json
json
json
json
json
json
json
json
json
json
json
json
json
json
json
json
json
json
json
json
json
json
json
json
json
json
json
json
json
json
json
json
json
json
json
json
json
json
json
json
json
json
json
json
json
json
json
json
json
json
json
json
json
json
json
json
json
json
json
json
json
json
json
json
json
json
json
json
json
json
json
json
json
json
json
json
json
json
json
json
json
json
json
json
json
json
json
json
json
json
json
json
json
json
json
json
json
json
json
json
json
json
json
json
json
json
json
json
json
json
json
json
json
json
json
json
json
json
json
json
json
json
json
json
json
json
json
json
json
json
json
json
json
json
json
json
json
json
json
json
json
json
json
json
json
json
json
json
json
json
json
json
json
json
json
json
json
json
json
json
json
json
json
json
json
json
json
json
json
json
json
json
json
json
json
json
json
json
json
json
json
json
json
json
json
json
json
json
json
json
json
json
json
json
json
json
json
json
json
json
json
json
json
json
json
json
json
json
json
json
json
json
json
json
json
json
json
json
json
json
json
json
json
json
json
json
json
json
json
json
json
json
json
json
json
json
json
json
json
json
json
json
json
json
json
json
json
json
json
json
json
json
json
json
json
json
json
json
json
json
json
json
json
json
json
json
json
json
json
json
json
json
json
json
json
json
json
json
json
json
json
json
json
json
json
json
json
json
json
json
json
json
json
json
json
json
json
json
json
json
json
json
json
json
json
json
json
json
json
json
json
json
json
json
json
json
json
json
json
json
json
json
json
json
json
json
json
json
json
json
json
json
json
json
json
json
json
json
json
json
json
json
json
json
json
json
json
json
json
json
json
json
json
json
json
json
json
json
json
json
json
json
json
json
json
json
json
json
json
json
json
json
json
json
json
json
json
json
json
json
json
json
json
json
json
json
json
json
json
json
json
json
json
json
json
json
json
json
json
json
json
json
json
json
json
json
json
json
json
json
json
json
json
json
json
json
json
json
json
json
json
json
json
json
json
json
json
json
json
json
json
json
json
json
json
json
json
json
json
json
json
json
json
json
json
json
json
json
json
json
json
json
json
json
json
json
json
json
json
json
json
json
json
json
json
json
json
json
json
json
json
json
json
json
json
json
json
json
json
json
json
json
json
json
json
json
json
json
json
json
json
json
json
json
json
json
json
json
json
json
json
json
json
json
json
json
json
json
json
json
json
json
json
json
json
json
json
json
json
json
json
json
json
json
json
json
json
json
json
json
json
json
json
json
json
json
json
json
json
json
json
json
json
json
json
json
json
json
json
json
json
json
json
json
json
json
json
json
json
json
json
json
json
json
json
json
json
json
json
json
json
json
json
json
json
json
json
json
json
json
json
json
json
json
json
json
json
json
json
json
json
json
json
json
json
json
json
json
json
json
json
json
json
json
json
json
json
json
json
json
json
json
json
json
json
json
json
json
json
json
json
json
json
json
json
json
json
json
json
json
json
json
json
json
json
json
json
json
json
json
json
json
json
json
json
json
json
json
json
json
json
json
json
json
json
json
json
json
json
json
json
json
json
json
json
json
json
json
json
json
json
json
json
json
json
json
json
json
json
json
json
json
json
json
json
json
json
json
json
json
json
json
json
json
json
json
json
json
json
json
json
json
json
json
json
json
json
json
json
json
json
json
json
json
json
json
json
json
json
json
json
json
json
json
json
json
json
json
json
json
json
json
json
json
json
json
json
json
json
json
json
json
json
json
json
json
json
json
json
json
json
json
json
json
json
json
json
json
json
json
json
json
json
json
json
json
json
json
json
json
json
json
json
json
json
json
json
json
json
json
json
json
json
json
json
json
json
json
json
json
json
json
json
json
json
json
json
json
json
json
json
json
json
json
json
json
json
json
json
json
json
json
json
json
json
json
json
json
json
json
json
json
json
json
json
json
json
json
json
json
json
json
json
json
json
json
json
json
json
json
json
json
json
json
json
json
json
json
json
json
json
json
json
json
json
json
json
json
json
json
json
json
json
json
json
json
json
json
json
json
json
json
json
json
json
json
json
json
json
json
json
json
json
json
json
json
json
json
json
json
json
json
json
json
json
json
json
json
json
json
json
json
json
json
json
json
json
json
json
json
json
json
json
json
json
json
json
json
json
json
json
json
json
json
json
json
json
json
json
json
json
json
json
json
json
json
json
json
json
json
json
json
json
json
json
json
json
json
json
json
json
json
json
json
json
json
json
json
json
json
json
json
json
json
json
json
json
json
json
json
json
json
json
json
json
json
json
json
json
json
json
json
json
json
json
json
json
json
json
json
json
json
json
json
json
json
json
json
json
json
json
json
json
json
json
json
json
json
json
json
json
json
json
json
json
json
json
json
json
json
json
json
json
json
json
json
json
json
json
json
json
json
json
json
json
json
json
json
json
json
json
json
json
json
json
json
json
json
json
json
json
json
json
json
json
json
json
json
json
json
json
json
json
json
json
json
json
json
json
json
json
json
json
json
json
json
json
json
json
json
json
json
json
json
json
json
json
json
json
json
json
json
json
json
json
json
json
json
json
json
json
json
json
json
json
json
json
json
json
json
json
json
json
json
json
json
json
json
json
json
json
json
json
json
json
json
json
json
json
json
json
json
json
json
json
json
json
json
json
json
json
json
json
json
json
json
json
json
json
json
json
json
json
json
json
json
json
json
json
json
json
json
json
json
json
json
json
json
json
json
json
json
json
json
json
json
json
json
json
json
json
json
json
json
json
json
json
json
json
json
json
json
json
json
json
json
json
json
json
json
json
json
json
json
json
json
json
json
json
json
json
json
json
json
json
json
json
json
json
json
json
json
json
json
json
json
json
json
json
json
json
json
json
json
json
json
json
json
json
json
json
json
json
json
json
json
json
json
json
json
json
json
json
json
json
json
json
json
json
json
json
json
json
json
json
json
json
json
json
json
json
json
json
json
json
json
json
json
json
json
json
json
json
json
json
json
json
json
json
json
json
json
json
json
json
json
json
json
json
json
json
json
json
json
json
json
json
json
json
json
json
json
json
json
json
json
json
json
json
json
json
json
json
json
json
json
json
json
json
json
json
json
json
json
json
json
json
json
json
json
json
json
json
json
json
json
json
json
json
json
json
json
json
json
json
json
json
json
json
json
json
json
json
json
json
json
json
json
json
json
json
json
json
json
json
json
json
json
json
json
json
json
json
json
json
json
json
json
json
json
json
json
json
json
json
json
json
json
json
json
json
json
json
json
json
json
json
json
json
json
json
json
json
json
json
json
json
json
json
json
json
json
json
json
json
json
json
json
json
json
json
json
json
json
json
json
json
json
json
json
json
json
json
json
json
json
json
json
json
json
json
json
json
json
json
json
json
json
json
json
json
json
json
json
json
json
json
json
json
json
json
json
json
json
json
json
json
json
json
json
json
json
json
json
json
json
json
json
json
json
json
json
json
json
json
json
json
json
json
json
json
json
json
json
json
json
json
json
json
json
json
json
json
json
json
json
json
json
json
json
json
json
json
json
json
json
json
json
json
json
json
json
json
json
json
json
json
json
json
json
json
json
json
json
json
json
json
json
json
json
json
json
json
json
json
json
json
json
json
json
json
json
json
json
json
json
json
json
json
json
json
json
json
json
json
json
json
json
json
json
json
json
json
json
json
json
json
json
json
json
json
json
json
json
json
json
json
json
json
json
json
json
json
json
json
json
json
json
json
json
json
json
json
json
json
json
json
json
json
json
json
json
json
json
json
json
json
json
json
json
json
json
json
json
json
json
json
json
json
json
json
json
json
json
json
json
json
json
json
json
json
json
json
json
json
json
json
json
json
json
json
json
json
json
json
json
json
json
json
json
json
json
json
json
json
json
json
json
json
json
json
json
json
json
json
json
json
json
json
json
json
json
json
json
json
json
json
json
json
json
json
json
json
json
json
json
json
json
json
json
json
json
json
json
json
json
json
json
json
json
json
json
json
json
json
json
json
json
json
json
json
json
json
json
json
json
json
json
json
json
json
json
json
json
json
json
json
json
json
json
json
json
json
json
json
json
json
json
json
json
json
json
json
json
json
json
json
json
json
json
json
json
json
json
json
json
json
json
json
json
json
json
json
json
json
json
json
json
json
json
json
json
json
json
json
json
json
json
json
json
json
json
json
json
json
json
json
json
json
json
json
json
json
json
json
json
json
json
json
json
json
json
json
json
json
json
json
json
json
json
json
json
json
json
json
json
json
json
json
json
json
json
json
json
json
json
json
json
json
json
json
json
json
json
json
json
json
json
json
json
json
json
json
json
json
json
json
json
json
json
json
json
json
json
json
json
json
json
json
json
json
json
json
json
json
json
json
json
json
json
json
json
json
json
json
json
json
json
json
json
json
json
json
json
json
json
json
json
json
json
json
json
json
json
json
json
json
json
json
json
json
json
json
json
json
json
json
json
json
json
json
json
json
json
json
json
json
json
json
json
json
json
json
json
json
json
json
json
json
json
json
json
json
json
json
json
json
json
json
json
json
json
json
json
json
json
json
json
json
json
json
json
json
json
json
json
json
json
json
json
json
json
json
json
json
json
json
json
json
json
json
json
json
json
json
json
json
json
json
json
json
json
json
json
json
json
json
json
json
json
json
json
json
json
json
json
json
json
json
json
json
json
json
json
json
json
json
json
json
json
json
json
json
json
json
json
json
json
json
json
json
json
json
json
json
json
json
json
json
json
json
json
json
json
json
json
json
json
json
json
json
json
json
json
json
json
json
json
json
json
json
json
json
json
json
json
json
json
json
json
json
json
json
json
json
json
json
json
json
json
json
json
json
json
json
json
json
json
json
json
json
json
json
json
json
json
json
json
json
json
json
json
json
json
json
json
json
json
json
json
json
json
json
json
json
json
json
json
json
json
json
json
json
json
json
json
json
json
json
json
json
json
json
json
json
json
json
json
json
json
json
json
json
json
json
json
json
json
json
json
json
json
json
json
json
json
json
json
json
json
json
json
json
json
json
json
json
json
json
json
json
json
json
json
json
json
json
json
json
json
json
json
json
json
json
json
json
json
json
json
json
json
json
json
json
json
json
json
json
json
json
json
json
json
json
json
json
json
json
json
json
json
json
json
json
json
json
json
json
json
json
json
json
json
json
json
json
json
json
json
json
json
json
json
json
json
json
json
json
json
json
json
json
json
json
json
json
json
json
json
json
json
json
json
json
json
json
json
json
json
json
json
json
json
json
json
json
json
json
json
json
json
json
json
json
json
json
json
json
json
json
json
json
json
json
json
json
json
json
json
json
json
json
json
json
json
json
json
json
json
json
json
json
json
json
json
json
json
json
json
json
json
json
json
json
json
json
json
json
json
json
json
json
json
json
json
json
json
json
json
json
json
json
json
json
json
json
json
json
json
json
json
json
json
json
json
json
json
json
json
json
json
json
json
json
json
json
json
json
json
json
json
json
json
json
json
json
json
json
json
json
json
json
json
json
json
json
json
json
json
json
json
json
json
json
json
json
json
json
json
json
json
json
json
json
json
json
json
json
json
json
json
json
json
json
json
json
json
json
json
json
json
json
json
json
json
json
json
json
json
json
json
json
json
json
json
json
json
json
json
json
json
json
json
json
json
json
json
json
json
json
json
json
json
json
json
json
json
json
json
json
json
json
json
json
json
json
json
json
json
json
json
json
json
json
json
json
json
json
json
json
json
json
json
json
json
json
json
json
json
json
json
json
json
json
json
json
json
json
json
json
json
json
json
json
json
json
json
json
json
json
json
json
json
json
json
json
json
json
json
json
json
json
json
json
json
json
json
json
json
json
json
json
json
json
json
json
json
json
json
json
json
json
json
json
json
json
json
json
json
json
json
json
json
json
json
json
json
json
json
json
json
json
json
json
json
json
json
json
json
json
json
json
json
json
json
json
json
json
json
json
json
json
json
json
json
json
json
json
json
json
json
json
json
json
json
json
json
json
json
json
json
json
json
json
json
json
json
json
json
json
json
json
json
json
json
json
json
json
json
json
json
json
json
json
json
json
json
json
json
json
json
json
json
json
json
json
json
json
json
json
json
json
json
json
json
json
json
json
json
json
json
json
json
json
json
json
json
json
json
json
json
json
json
json
json
json
json
json
json
json
json
json
json
json
json
json
json
json
json
json
json
json
json
json
json
json
json
json
json
json
json
json
json
json
json
json
json
json
json
json
json
json
json
json
json
json
json
json
json
json
json
json
json
json
json
json
json
json
json
json
json
json
json
json
json
json
json
json
json
json
json
json
json
json
json
json
json
json
json
json
json
json
json
json
json
json
json
json
json
json
json
json
json
json
json
json
json
json
json
json
json
json
json
json
json
json
json
json
json
json
json
json
json
json
json
json
json
json
json
json
json
json
json
json
json
json
json
json
json
json
json
json
json
json
json
json
json
json
json
json
json
json
json
json
json
json
json
json
json
json
json
json
json
json
json
json
json
json
json
json
json
json
json
json
json
json
json
json
json
json
json
json
json
json
json
json
json
json
json
json
json
json
json
json
json
json
json
json
json
json
json
json
json
json
json
json
json
json
json
json
json
json
json
json
json
json
json
json
json
json
json
json
json
json
json
json
json
json
json
json
json
json
json
json
json
json
json
json
json
json
json
json
json
json
json
json
json
json
json
json
json
json
json
json
json
json
json
json
json
json
json
json
json
json
json
json
json
json
json
json
json
json
json
json
json
json
json
json
json
json
json
json
json
json
json
json
json
json
json
json
json
json
json
json
json
json
json
json
json
json
json
json
json
json
json
json
json
json
json
json
json
json
json
json
json
json
json
json
json
json
json
json
json
json
json
json
json
json
json
json
json
json
json
json
json
json
json
json
json
json
json
json
json
json
json
json
json
json
json
json
json
json
json
json
json
json
json
json
json
json
json
json
json
json
json
json
json
json
json
json
json
json
json
json
json
json
json
json
json
json
json
json
json
json
json
json
json
json
json
json
json
json
json
json
json
json
json
json
json
json
json
json
json
json
json
json
json
json
json
json
json
json
json
json
json
json
json
json
json
json
json
json
json
json
json
json
json
json
json
json
json
json
json
json
json
json
json
json
json
json
json
json
json
json
json
json
json
json
json
json
json
json
json
json
json
json
json
json
json
json
json
json
json
json
json
json
json
json
json
json
json
json
json
json
json
json
json
json
json
json
json
json
json
json
json
json
json
json
json
json
json
json
json
json
json
json
json
json
json
json
json
json
json
json
json
json
json
json
json
json
json
json
json
json
json
json
json
json
json
json
json
json
json
json
json
json
json
json
json
json
json
json
json
json
json
json
json
json
json
json
json
json
json
json
json
json
json
json
json
json
json
json
json
json
json
json
json
json
json
json
json
json
json
json
json
json
json
json
json
json
json
json
json
json
json
json
json
json
json
json
json
json
json
json
json
json
json
json
json
json
json
json
json
json
json
json
json
json
json
json
json
json
json
json
json
json
json
json
json
json
json
json
json
json
json
json
json
json
json
json
json
json
json
json
json
json
json
json
json
json
json
json
json
json
json
json
json
json
json
json
json
json
json
json
json
json
json
json
json
json
json
json
json
json
json
json
json
json
json
json
json
json
json
json
json
json
json
json
json
json
json
json
json
json
json
json
json
json
json
json
json
json
json
json
json
json
json
json
json
json
json
json
json
json
json
json
json
json
json
json
json
json
json
json
json
json
json
json
json
json
json
json
json
json
json
json
json
json
json
json
json
json
json
json
json
json
json
json
json
json
json
json
json
json
json
json
json
json
json
json
json
json
json
json
json
json
json
json
json
json
json
json
json
json
json
json
json
json
json
json
json
json
json
json
json
json
json
json
json
json
json
json
json
json
json
json
json
json
json
json
json
json
json
json
json
json
json
json
json
json
json
json
json
json
json
json
json
json
json
json
json
json
json
json
json
json
json
json
json
json
json
json
json
json
json
json
json
json
json
json
json
json
json
json
json
json
json
json
json
json
json
json
json
json
json
json
json
json
json
json
json
json
json
json
json
json
json
json
json
json
json
json
json
json
json
json
json
json
json
json
json
json
json
json
json
json
json
json
json
json
json
json
json
json
json
json
json
json
json
json
json
json
json
json
json
json
json
json
json
json
json
json
json
json
json
json
json
json
json
json
json
json
json
json
json
json
json
json
json
json
json
json
json
json
json
json
json
json
json
json
json
json
json
json
json
json
json
json
json
json
json
json
json
json
json
json
json
json
json
json
json
json
json
json
json
json
json
json
json
json
json
json
json
json
json
json
json
json
json
json
json
json
json
json
json
json
json
json
json
json
json
json
json
json
json
json
json
json
json
json
json
json
json
json
json
json
json
json
json
json
json
json
json
json
json
json
json
json
json
json
json
json
json
json
json
json
json
json
json
json
json
json
json
json
json
json
json
json
json
json
json
json
json
json
json
json
json
json
json
json
json
json
json
json
json
json
json
json
json
json
json
json
json
json
json
json
json
json
json
json
json
json
json
json
json
json
json
json
json
json
json
json
json
json
json
json
json
json
json
json
json
json
json
json
json
json
json
json
json
json
json
json
json
json
json
json
json
json
json
json
json
json
json
json
json
json
json
json
json
json
json
json
json
json
json
json
json
json
json
json
json
json
json
json
json
json
json
json
json
json
json
json
json
json
json
json
json
json
json
json
json
json
json
json
json
json
json
json
json
json
json
json
json
json
json
json
json
json
json
json
json
json
json
json
json
json
json
json
json
json
json
json
json
json
json
json
json
json
json
json
json
json
json
json
json
json
json
json
json
json
json
json
json
json
json
json
json
json
json
json
json
json
json
json
json
json
json
json
json
json
json
json
json
json
json
json
json
json
json
json
json
json
json
json
json
json
json
json
json
json
json
json
json
json
json
json
json
json
json
json
json
json
json
json
json
json
json
json
json
json
json
json
json
json
json
json
json
json
json
json
json
json
json
json
json
json
json
json
json
json
json
json
json
json
json
json
json
json
json
json
json
json
json
json
json
json
json
json
json
json
json
json
json
json
json
json
json
json
json
json
json
json
json
json
json
json
json
json
json
json
json
json
json
json
json
json
json
json
json
json
json
json
json
json
json
json
json
json
json
json
json
json
json
json
json
json
json
json
json
json
json
json
json
json
json
json
json
json
json
json
json
json
json
json
json
json
json
json
json
json
json
json
json
json
json
json
json
json
json
json
json
json
json
json
json
json
json
json
json
json
json
json
json
json
json
json
json
json
json
json
json
json
json
json
json
json
json
json
json
json
json
json
json
json
json
json
json
json
json
json
json
json
json
json
json
json
json
json
json
json
json
json
json
json
json
json
json
json
json
json
json
json
json
json
json
json
json
json
json
json
json
json
json
json
json
json
json
json
json
json
json
json
json
json
json
json
json
json
json
json
json
json
json
json
json
json
json
json
json
json
json
json
json
json
json
json
json
json
json
json
json
json
json
json
json
json
json
json
json
json
json
json
json
json
json
json
json
json
json
json
json
json
json
json
json
json
json
json
json
json
json
json
json
json
json
json
json
json
json
json
json
json
json
json
json
json
json
json
json
json
json
json
json
json
json
json
json
json
json
json
json
json
json
json
json
json
json
json
json
json
json
json
json
json
json
json
json
json
json
json
json
json
json
json
json
json
json
json
json
json
json
json
json
json
json
json
json
json
json
json
json
json
json
json
json
json
json
json
json
json
json
json
json
json
json
json
json
json
json
json
json
json
json
json
json
json
json
json
json
json
json
json
json
json
json
json
json
json
json
json
json
json
json
json
json
json
json
json
json
json
json
json
json
json
json
json
json
json
json
json
json
json
json
json
json
json
json
json
json
json
json
json
json
json
json
json
json
json
json
json
json
json
json
json
json
json
json
json
json
json
json
json
json
json
json
json
json
json
json
json
json
json
json
json
json
json
json
json
json
json
json
json
json
json
json
json
json
json
json
json
json
json
json
json
json
json
json
json
json
json
json
json
json
json
json
json
json
json
json
json
json
json
json
json
json
json
json
json
json
json
json
json
json
json
json
json
json
json
json
json
json
json
json
json
json
json
json
json
json
json
json
json
json
json
json
json
json
json
json
json
json
json
json
json
json
json
json
json
json
json
json
json
json
json
json
json
json
json
json
json
json
json
json
json
json
json
json
json
json
json
json
json
json
json
json
json
json
json
json
json
json
json
json
json
json
json
json
json
json
json
json
json
json
json
json
json
json
json
json
json
json
json
json
json
json
json
json
json
json
json
json
json
json
json
json
json
json
json
json
json
json
json
json
json
json
json
json
json
json
json
json
json
json
json
json
json
json
json
json
json
json
json
json
json
json
json
json
json
json
json
json
json
json
json
json
json
json
json
json
json
json
json
json
json
json
json
json
json
json
json
json
json
json
json
json
json
json
json
json
json
json
json
json
json
json
json
json
json
json
json
json
json
json
json
json
json
json
json
json
json
json
json
json
json
json
json
json
json
json
json
json
json
json
json
json
json
json
json
json
json
json
json
json
json
json
json
json
json
json
json
json
json
json
json
json
json
json
json
json
json
json
json
json
json
json
json
json
json
json
json
json
json
json
json
json
json
json
json
json
json
json
json
json
json
json
json
json
json
json
json
json
json
json
json
json
json
json
json
json
json
json
json
json
json
json
json
json
json
json
json
json
json
json
json
json
json
json
json
json
json
json
json
json
json
json
json
json
json
json
json
json
json
json
json
json
json
json
json
json
json
json
json
json
json
json
json
json
json
json
json
json
json
json
json
json
json
json
json
json
json
json
json
json
json
json
json
json
json
json
json
json
json
json
json
json
json
json
json
json
json
json
json
json
json
json
json
json
json
json
json
json
json
json
json
json
json
json
json
json
json
json
json
json
json
json
json
json
json
json
json
json
json
json
json
json
json
json
json
json
json
json
json
json
json
json
json
json
json
json
json
json
json
json
json
json
json
json
json
json
json
json
json
json
json
json
json
json
json
json
json
json
json
json
json
json
json
json
json
json
json
json
json
json
json

2026/09/23 21:27:27 [31;1m/Users/wuyongjun/.codex/worktrees/craft-107-integration/WeKnora-fork01/internal/application/repository/datasource_repo.go:292 [35;1mrecord not found
[0m[33m[0.012ms] [34;1m[rows:0][0m SELECT * FROM `sync_logs` WHERE id = "log-missing" ORDER BY `sync_logs`.`id` LIMIT 1
json
json
json

2026/09/23 21:27:27 [31;1m/Users/wuyongjun/.codex/worktrees/craft-107-integration/WeKnora-fork01/internal/application/repository/datasource_repo.go:292 [35;1mrecord not found
[0m[33m[0.013ms] [34;1m[rows:0][0m SELECT * FROM `sync_logs` WHERE id = "log-missing" ORDER BY `sync_logs`.`id` LIMIT 1
json
json
json
json
json
json

2026/09/23 21:27:27 [32m/Users/wuyongjun/.codex/worktrees/craft-107-integration/WeKnora-fork01/internal/application/repository/knowledge.go:352
[0m[33m[0.045ms] [34;1m[rows:1][0m SELECT * FROM `knowledges` WHERE (tenant_id = 7 AND id IN ("doc")) AND `knowledges`.`deleted_at` IS NULL
json
json

2026/09/23 21:27:27 [32m/Users/wuyongjun/.codex/worktrees/craft-107-integration/WeKnora-fork01/internal/application/repository/knowledge.go:352
[0m[33m[0.031ms] [34;1m[rows:1][0m SELECT * FROM `knowledges` WHERE (tenant_id = 7 AND id IN ("doc")) AND `knowledges`.`deleted_at` IS NULL

2026/09/23 21:27:27 [32m/Users/wuyongjun/.codex/worktrees/craft-107-integration/WeKnora-fork01/internal/application/repository/knowledge.go:352
[0m[33m[0.026ms] [34;1m[rows:1][0m SELECT * FROM `knowledges` WHERE (tenant_id = 7 AND id IN ("doc")) AND `knowledges`.`deleted_at` IS NULL
json
json

2026/09/23 21:27:27 [32m/Users/wuyongjun/.codex/worktrees/craft-107-integration/WeKnora-fork01/internal/application/repository/knowledge.go:352
[0m[33m[0.022ms] [34;1m[rows:1][0m SELECT * FROM `knowledges` WHERE (tenant_id = 7 AND id IN ("doc")) AND `knowledges`.`deleted_at` IS NULL
json

2026/09/23 21:27:27 [32m/Users/wuyongjun/.codex/worktrees/craft-107-integration/WeKnora-fork01/internal/application/repository/knowledge.go:352
[0m[33m[0.025ms] [34;1m[rows:1][0m SELECT * FROM `knowledges` WHERE (tenant_id = 7 AND id IN ("doc")) AND `knowledges`.`deleted_at` IS NULL

2026/09/23 21:27:27 [32m/Users/wuyongjun/.codex/worktrees/craft-107-integration/WeKnora-fork01/internal/application/repository/knowledge.go:352
[0m[33m[0.025ms] [34;1m[rows:1][0m SELECT * FROM `knowledges` WHERE (tenant_id = 7 AND id IN ("doc")) AND `knowledges`.`deleted_at` IS NULL

2026/09/23 21:27:27 [32m/Users/wuyongjun/.codex/worktrees/craft-107-integration/WeKnora-fork01/internal/application/repository/knowledge.go:352
[0m[33m[0.025ms] [34;1m[rows:1][0m SELECT * FROM `knowledges` WHERE (tenant_id = 7 AND id IN ("doc")) AND `knowledges`.`deleted_at` IS NULL
json

2026/09/23 21:27:27 [32m/Users/wuyongjun/.codex/worktrees/craft-107-integration/WeKnora-fork01/internal/application/repository/knowledge.go:352
[0m[33m[0.026ms] [34;1m[rows:1][0m SELECT * FROM `knowledges` WHERE (tenant_id = 7 AND id IN ("doc")) AND `knowledges`.`deleted_at` IS NULL

2026/09/23 21:27:27 [32m/Users/wuyongjun/.codex/worktrees/craft-107-integration/WeKnora-fork01/internal/application/repository/knowledge.go:352
[0m[33m[0.025ms] [34;1m[rows:1][0m SELECT * FROM `knowledges` WHERE (tenant_id = 7 AND id IN ("doc")) AND `knowledges`.`deleted_at` IS NULL

2026/09/23 21:27:27 [32m/Users/wuyongjun/.codex/worktrees/craft-107-integration/WeKnora-fork01/internal/application/repository/knowledge.go:352
[0m[33m[0.029ms] [34;1m[rows:1][0m SELECT * FROM `knowledges` WHERE (tenant_id = 7 AND id IN ("doc")) AND `knowledges`.`deleted_at` IS NULL
json
json

2026/09/23 21:27:27 [32m/Users/wuyongjun/.codex/worktrees/craft-107-integration/WeKnora-fork01/internal/application/repository/knowledge.go:352
[0m[33m[0.052ms] [34;1m[rows:2][0m SELECT * FROM `knowledges` WHERE (tenant_id = 7 AND id IN ("doc","other-doc")) AND `knowledges`.`deleted_at` IS NULL

2026/09/23 21:27:27 [32m/Users/wuyongjun/.codex/worktrees/craft-107-integration/WeKnora-fork01/internal/application/repository/knowledge.go:352
[0m[33m[0.033ms] [34;1m[rows:2][0m SELECT * FROM `knowledges` WHERE (tenant_id = 7 AND id IN ("doc","other-doc")) AND `knowledges`.`deleted_at` IS NULL

2026/09/23 21:27:27 [32m/Users/wuyongjun/.codex/worktrees/craft-107-integration/WeKnora-fork01/internal/application/repository/knowledge.go:352
[0m[33m[0.030ms] [34;1m[rows:2][0m SELECT * FROM `knowledges` WHERE (tenant_id = 7 AND id IN ("doc","other-doc")) AND `knowledges`.`deleted_at` IS NULL

2026/09/23 21:27:27 [32m/Users/wuyongjun/.codex/worktrees/craft-107-integration/WeKnora-fork01/internal/application/repository/knowledge.go:352
[0m[33m[0.028ms] [34;1m[rows:2][0m SELECT * FROM `knowledges` WHERE (tenant_id = 7 AND id IN ("doc","other-doc")) AND `knowledges`.`deleted_at` IS NULL

2026/09/23 21:27:27 [32m/Users/wuyongjun/.codex/worktrees/craft-107-integration/WeKnora-fork01/internal/application/repository/knowledge.go:352
[0m[33m[0.245ms] [34;1m[rows:1][0m SELECT * FROM `knowledges` WHERE (tenant_id = 7 AND id IN ("doc","missing")) AND `knowledges`.`deleted_at` IS NULL

2026/09/23 21:27:27 [32m/Users/wuyongjun/.codex/worktrees/craft-107-integration/WeKnora-fork01/internal/application/repository/knowledge.go:352
[0m[33m[0.069ms] [34;1m[rows:1][0m SELECT * FROM `knowledges` WHERE (tenant_id = 7 AND id IN ("doc","missing")) AND `knowledges`.`deleted_at` IS NULL

2026/09/23 21:27:27 [32m/Users/wuyongjun/.codex/worktrees/craft-107-integration/WeKnora-fork01/internal/application/repository/knowledge.go:352
[0m[33m[0.096ms] [34;1m[rows:1][0m SELECT * FROM `knowledges` WHERE (tenant_id = 7 AND id IN ("doc","missing")) AND `knowledges`.`deleted_at` IS NULL

2026/09/23 21:27:27 [32m/Users/wuyongjun/.codex/worktrees/craft-107-integration/WeKnora-fork01/internal/application/repository/knowledge.go:352
[0m[33m[0.044ms] [34;1m[rows:1][0m SELECT * FROM `knowledges` WHERE (tenant_id = 7 AND id IN ("doc","missing")) AND `knowledges`.`deleted_at` IS NULL
json
json

2026/09/23 21:27:27 [32m/Users/wuyongjun/.codex/worktrees/craft-107-integration/WeKnora-fork01/internal/application/repository/knowledge.go:352
[0m[33m[0.043ms] [34;1m[rows:2][0m SELECT * FROM `knowledges` WHERE (tenant_id = 7 AND id IN ("doc","other-doc")) AND `knowledges`.`deleted_at` IS NULL

2026/09/23 21:27:27 [32m/Users/wuyongjun/.codex/worktrees/craft-107-integration/WeKnora-fork01/internal/application/repository/knowledge.go:352
[0m[33m[0.026ms] [34;1m[rows:1][0m SELECT * FROM `knowledges` WHERE (tenant_id = 7 AND id IN ("doc")) AND `knowledges`.`deleted_at` IS NULL
json
json
json

2026/09/23 21:27:27 [32m/Users/wuyongjun/.codex/worktrees/craft-107-integration/WeKnora-fork01/internal/application/repository/knowledge.go:352
[0m[33m[0.031ms] [34;1m[rows:1][0m SELECT * FROM `knowledges` WHERE (tenant_id = 7 AND id IN ("doc")) AND `knowledges`.`deleted_at` IS NULL
json
json

2026/09/23 21:27:27 [32m/Users/wuyongjun/.codex/worktrees/craft-107-integration/WeKnora-fork01/internal/application/repository/knowledge.go:352
[0m[33m[0.055ms] [34;1m[rows:1][0m SELECT * FROM `knowledges` WHERE (tenant_id = 7 AND id IN ("doc")) AND `knowledges`.`deleted_at` IS NULL

2026/09/23 21:27:27 [32m/Users/wuyongjun/.codex/worktrees/craft-107-integration/WeKnora-fork01/internal/application/repository/knowledge.go:352
[0m[33m[0.053ms] [34;1m[rows:1][0m SELECT * FROM `knowledges` WHERE (tenant_id = 7 AND id IN ("doc")) AND `knowledges`.`deleted_at` IS NULL

2026/09/23 21:27:27 [32m/Users/wuyongjun/.codex/worktrees/craft-107-integration/WeKnora-fork01/internal/application/repository/knowledge.go:352
[0m[33m[0.053ms] [34;1m[rows:1][0m SELECT * FROM `knowledges` WHERE (tenant_id = 7 AND id IN ("doc")) AND `knowledges`.`deleted_at` IS NULL
json
json
json

2026/09/23 21:27:27 [32m/Users/wuyongjun/.codex/worktrees/craft-107-integration/WeKnora-fork01/internal/application/repository/knowledge.go:352
[0m[33m[0.115ms] [34;1m[rows:2][0m SELECT * FROM `knowledges` WHERE (tenant_id = 7 AND id IN ("doc","other-doc")) AND `knowledges`.`deleted_at` IS NULL
json

2026/09/23 21:27:27 [32m/Users/wuyongjun/.codex/worktrees/craft-107-integration/WeKnora-fork01/internal/application/repository/knowledge.go:352
[0m[33m[0.190ms] [34;1m[rows:2][0m SELECT * FROM `knowledges` WHERE (tenant_id = 7 AND id IN ("doc","other-doc")) AND `knowledges`.`deleted_at` IS NULL
json

2026/09/23 21:27:27 [32m/Users/wuyongjun/.codex/worktrees/craft-107-integration/WeKnora-fork01/internal/application/repository/knowledge.go:352
[0m[33m[0.056ms] [34;1m[rows:1][0m SELECT * FROM `knowledges` WHERE (tenant_id = 7 AND id IN ("doc","already-gone")) AND `knowledges`.`deleted_at` IS NULL
json
json
json
json
json

2026/09/23 21:27:27 [32m/Users/wuyongjun/.codex/worktrees/craft-107-integration/WeKnora-fork01/internal/application/repository/knowledge.go:352
[0m[33m[0.034ms] [34;1m[rows:1][0m SELECT * FROM `knowledges` WHERE (tenant_id = 7 AND id IN ("doc","already-gone")) AND `knowledges`.`deleted_at` IS NULL
json
json
json

2026/09/23 21:27:27 [31;1m/Users/wuyongjun/.codex/worktrees/craft-107-integration/WeKnora-fork01/internal/application/repository/knowledge.go:69 [35;1mrecord not found
[0m[33m[0.028ms] [34;1m[rows:0][0m SELECT * FROM `knowledges` WHERE (tenant_id = 7 AND id = "doc") AND `knowledges`.`deleted_at` IS NULL ORDER BY `knowledges`.`id` LIMIT 1
json
json

2026/09/23 21:27:27 [32m/Users/wuyongjun/.codex/worktrees/craft-107-integration/WeKnora-fork01/internal/application/repository/knowledge.go:352
[0m[33m[0.026ms] [34;1m[rows:0][0m SELECT * FROM `knowledges` WHERE (tenant_id = 7 AND id IN ("doc","already-gone")) AND `knowledges`.`deleted_at` IS NULL
json
json

2026/09/23 21:27:27 [32m/Users/wuyongjun/.codex/worktrees/craft-107-integration/WeKnora-fork01/internal/application/repository/knowledge.go:352
[0m[33m[0.028ms] [34;1m[rows:1][0m SELECT * FROM `knowledges` WHERE (tenant_id = 7 AND id IN ("doc")) AND `knowledges`.`deleted_at` IS NULL
json
json
json

2026/09/23 21:27:27 [32m/Users/wuyongjun/.codex/worktrees/craft-107-integration/WeKnora-fork01/internal/application/repository/knowledge.go:352
[0m[33m[0.056ms] [34;1m[rows:2][0m SELECT * FROM `knowledges` WHERE (tenant_id = 7 AND id IN ("doc","other-doc")) AND `knowledges`.`deleted_at` IS NULL

2026/09/23 21:27:27 [32m/Users/wuyongjun/.codex/worktrees/craft-107-integration/WeKnora-fork01/internal/application/repository/knowledge.go:352
[0m[33m[0.029ms] [34;1m[rows:1][0m SELECT * FROM `knowledges` WHERE (tenant_id = 7 AND id IN ("doc","already-gone")) AND `knowledges`.`deleted_at` IS NULL

2026/09/23 21:27:27 [32m/Users/wuyongjun/.codex/worktrees/craft-107-integration/WeKnora-fork01/internal/application/repository/knowledge.go:352
[0m[33m[0.033ms] [34;1m[rows:1][0m SELECT * FROM `knowledges` WHERE (tenant_id = 7 AND id IN ("doc")) AND `knowledges`.`deleted_at` IS NULL
json
json
json
json

2026/09/23 21:27:27 [32m/Users/wuyongjun/.codex/worktrees/craft-107-integration/WeKnora-fork01/internal/application/repository/knowledge.go:352
[0m[33m[0.045ms] [34;1m[rows:1][0m SELECT * FROM `knowledges` WHERE (tenant_id = 7 AND id IN ("doc")) AND `knowledges`.`deleted_at` IS NULL
json
json
json
json

2026/09/23 21:27:27 [32m/Users/wuyongjun/.codex/worktrees/craft-107-integration/WeKnora-fork01/internal/application/repository/knowledge.go:352
[0m[33m[0.024ms] [34;1m[rows:1][0m SELECT * FROM `knowledges` WHERE (tenant_id = 7 AND id IN ("doc")) AND `knowledges`.`deleted_at` IS NULL
json
json

2026/09/23 21:27:27 [31;1m/Users/wuyongjun/.codex/worktrees/craft-107-integration/WeKnora-fork01/internal/application/repository/chunk.go:75 [35;1mrecord not found
[0m[33m[0.024ms] [34;1m[rows:0][0m SELECT * FROM `chunks` WHERE (tenant_id = 7 AND id = "chunk") AND `chunks`.`deleted_at` IS NULL ORDER BY `chunks`.`id` LIMIT 1
json
json
json
json

2026/09/23 21:27:27 [32m/Users/wuyongjun/.codex/worktrees/craft-107-integration/WeKnora-fork01/internal/application/repository/knowledge.go:352
[0m[33m[0.076ms] [34;1m[rows:1][0m SELECT * FROM `knowledges` WHERE (tenant_id = 7 AND id IN ("doc","already-gone")) AND `knowledges`.`deleted_at` IS NULL

2026/09/23 21:27:27 [32m/Users/wuyongjun/.codex/worktrees/craft-107-integration/WeKnora-fork01/internal/application/repository/knowledge.go:352
[0m[33m[0.036ms] [34;1m[rows:1][0m SELECT * FROM `knowledges` WHERE (tenant_id = 7 AND id IN ("doc","already-gone")) AND `knowledges`.`deleted_at` IS NULL
json
json
json
json

2026/09/23 21:27:27 [31;1m/Users/wuyongjun/.codex/worktrees/craft-107-integration/WeKnora-fork01/internal/application/repository/knowledge.go:69 [35;1mrecord not found
[0m[33m[0.038ms] [34;1m[rows:0][0m SELECT * FROM `knowledges` WHERE (tenant_id = 7 AND id = "doc") AND `knowledges`.`deleted_at` IS NULL ORDER BY `knowledges`.`id` LIMIT 1

2026/09/23 21:27:27 [32m/Users/wuyongjun/.codex/worktrees/craft-107-integration/WeKnora-fork01/internal/application/repository/knowledge.go:352
[0m[33m[0.053ms] [34;1m[rows:2][0m SELECT * FROM `knowledges` WHERE (tenant_id = 7 AND id IN ("doc","other-doc")) AND `knowledges`.`deleted_at` IS NULL
json
json
json
json
json
json

2026/09/23 21:27:27 [32m/Users/wuyongjun/.codex/worktrees/craft-107-integration/WeKnora-fork01/internal/application/repository/knowledge.go:352
[0m[33m[0.029ms] [34;1m[rows:0][0m SELECT * FROM `knowledges` WHERE (tenant_id = 7 AND id IN ("doc","other-doc")) AND `knowledges`.`deleted_at` IS NULL

2026/09/23 21:27:27 [32m/Users/wuyongjun/.codex/worktrees/craft-107-integration/WeKnora-fork01/internal/application/repository/knowledge.go:352
[0m[33m[0.083ms] [34;1m[rows:1][0m SELECT * FROM `knowledges` WHERE (tenant_id = 7 AND id IN ("doc")) AND `knowledges`.`deleted_at` IS NULL
json
json

2026/09/23 21:27:27 [32m/Users/wuyongjun/.codex/worktrees/craft-107-integration/WeKnora-fork01/internal/application/repository/knowledge.go:352
[0m[33m[0.052ms] [34;1m[rows:1][0m SELECT * FROM `knowledges` WHERE (tenant_id = 7 AND id IN ("doc")) AND `knowledges`.`deleted_at` IS NULL
json
json

2026/09/23 21:27:27 [31;1m/Users/wuyongjun/.codex/worktrees/craft-107-integration/WeKnora-fork01/internal/application/repository/knowledge.go:69 [35;1mrecord not found
[0m[33m[0.020ms] [34;1m[rows:0][0m SELECT * FROM `knowledges` WHERE (tenant_id = 7 AND id = "doc") AND `knowledges`.`deleted_at` IS NULL ORDER BY `knowledges`.`id` LIMIT 1

2026/09/23 21:27:27 [32m/Users/wuyongjun/.codex/worktrees/craft-107-integration/WeKnora-fork01/internal/application/repository/knowledge.go:352
[0m[33m[0.040ms] [34;1m[rows:1][0m SELECT * FROM `knowledges` WHERE (tenant_id = 7 AND id IN ("doc")) AND `knowledges`.`deleted_at` IS NULL
json

2026/09/23 21:27:27 [32m/Users/wuyongjun/.codex/worktrees/craft-107-integration/WeKnora-fork01/internal/application/repository/knowledge.go:352
[0m[33m[0.023ms] [34;1m[rows:1][0m SELECT * FROM `knowledges` WHERE (tenant_id = 7 AND id IN ("doc")) AND `knowledges`.`deleted_at` IS NULL
json
json
json
json
json
json
json
json
json
json
json
json
json
json
json
json
json
json
json
json
json
json
json
json
json
json
json
json

2026/09/23 21:27:27 [32m/Users/wuyongjun/.codex/worktrees/craft-107-integration/WeKnora-fork01/internal/application/repository/knowledge.go:352
[0m[33m[0.040ms] [34;1m[rows:1][0m SELECT * FROM `knowledges` WHERE (tenant_id = 1 AND id IN ("own","granted","private","onward")) AND `knowledges`.`deleted_at` IS NULL

2026/09/23 21:27:27 [32m/Users/wuyongjun/.codex/worktrees/craft-107-integration/WeKnora-fork01/internal/application/repository/knowledge.go:352
[0m[33m[0.022ms] [34;1m[rows:1][0m SELECT * FROM `knowledges` WHERE (tenant_id = 1 AND id IN ("own","granted","private","onward")) AND `knowledges`.`deleted_at` IS NULL
json
json
json

2026/09/23 21:27:27 [32m/Users/wuyongjun/.codex/worktrees/craft-107-integration/WeKnora-fork01/internal/application/repository/knowledge.go:352
[0m[33m[0.026ms] [34;1m[rows:2][0m SELECT * FROM `knowledges` WHERE (tenant_id = 2 AND id IN ("own","granted","private","onward")) AND `knowledges`.`deleted_at` IS NULL

2026/09/23 21:27:27 [32m/Users/wuyongjun/.codex/worktrees/craft-107-integration/WeKnora-fork01/internal/application/repository/knowledge.go:352
[0m[33m[0.023ms] [34;1m[rows:2][0m SELECT * FROM `knowledges` WHERE (tenant_id = 2 AND id IN ("own","granted","private","onward")) AND `knowledges`.`deleted_at` IS NULL
json
json
json

2026/09/23 21:27:27 [32m/Users/wuyongjun/.codex/worktrees/craft-107-integration/WeKnora-fork01/internal/application/repository/knowledge.go:352
[0m[33m[0.019ms] [34;1m[rows:1][0m SELECT * FROM `knowledges` WHERE (tenant_id = 3 AND id IN ("own","granted","private","onward")) AND `knowledges`.`deleted_at` IS NULL

2026/09/23 21:27:27 [32m/Users/wuyongjun/.codex/worktrees/craft-107-integration/WeKnora-fork01/internal/application/repository/knowledge.go:352
[0m[33m[0.018ms] [34;1m[rows:1][0m SELECT * FROM `knowledges` WHERE (tenant_id = 3 AND id IN ("own","granted","private","onward")) AND `knowledges`.`deleted_at` IS NULL
json
json
json

2026/09/23 21:27:27 [32m/Users/wuyongjun/.codex/worktrees/craft-107-integration/WeKnora-fork01/internal/application/repository/knowledge.go:352
[0m[33m[0.027ms] [34;1m[rows:2][0m SELECT * FROM `knowledges` WHERE (tenant_id = 2 AND id IN ("selected","private")) AND `knowledges`.`deleted_at` IS NULL

2026/09/23 21:27:27 [32m/Users/wuyongjun/.codex/worktrees/craft-107-integration/WeKnora-fork01/internal/application/repository/knowledge.go:352
[0m[33m[0.023ms] [34;1m[rows:2][0m SELECT * FROM `knowledges` WHERE (tenant_id = 2 AND id IN ("selected","private")) AND `knowledges`.`deleted_at` IS NULL
json

2026/09/23 21:27:27 [32m/Users/wuyongjun/.codex/worktrees/craft-107-integration/WeKnora-fork01/internal/application/repository/knowledge.go:352
[0m[33m[0.032ms] [34;1m[rows:1][0m SELECT * FROM `knowledges` WHERE (tenant_id = 7 AND id IN ("doc")) AND `knowledges`.`deleted_at` IS NULL
json

2026/09/23 21:27:27 [32m/Users/wuyongjun/.codex/worktrees/craft-107-integration/WeKnora-fork01/internal/application/repository/knowledge.go:352
[0m[33m[0.052ms] [34;1m[rows:1][0m SELECT * FROM `knowledges` WHERE (tenant_id = 7 AND id IN ("doc")) AND `knowledges`.`deleted_at` IS NULL
json
json
json
json
json
json
json
json
json
json
json
json
json
json
json
json
json
json
json
json
json
json
json
json
json
json
json
json
json
json
json

2026/09/23 21:27:27 [32m/Users/wuyongjun/.codex/worktrees/craft-107-integration/WeKnora-fork01/internal/application/repository/knowledge.go:352
[0m[33m[0.146ms] [34;1m[rows:1][0m SELECT * FROM `knowledges` WHERE (tenant_id = 7 AND id IN ("doc")) AND `knowledges`.`deleted_at` IS NULL
json
json
json
json
json
json
json
json
json
json
json
json
json
json
json
json
json
json
json
json
json
json
json
json
json
json
json
json
json
json
json
json
json
json
json
json
json
json
json
json
json
json
json
json
json
json
json
json
json
json
json
json
json
json
json
json
json
json
json
json
json
json
json
json
json
json
json
json
json
json
json
json
json
json
json
json
json
json
json
json
json
json
json
json
json
json
json
json
json
json
json
json
json
json
json
json
json
json
json
json
json
json
json
json
json
json
json
json
json
json
json
json
json
json
json
json
json
json
json
json
json
json
json
json
json
json
json
json
json
json
json
json
json
json
json
json
json
json
json
json
json
json
json
json
json
json
json
json
json
json
json
json

2026/09/23 21:27:27 [32m/Users/wuyongjun/.codex/worktrees/craft-107-integration/WeKnora-fork01/internal/application/repository/knowledge.go:352
[0m[33m[0.016ms] [34;1m[rows:0][0m SELECT * FROM `knowledges` WHERE (tenant_id = 1 AND id IN ("k-shared")) AND `knowledges`.`deleted_at` IS NULL

2026/09/23 21:27:27 [32m/Users/wuyongjun/.codex/worktrees/craft-107-integration/WeKnora-fork01/internal/application/repository/knowledge.go:352
[0m[33m[0.012ms] [34;1m[rows:0][0m SELECT * FROM `knowledges` WHERE (tenant_id = 1 AND id IN ("k-shared")) AND `knowledges`.`deleted_at` IS NULL

2026/09/23 21:27:27 [32m/Users/wuyongjun/.codex/worktrees/craft-107-integration/WeKnora-fork01/internal/application/repository/knowledge.go:352
[0m[33m[0.021ms] [34;1m[rows:0][0m SELECT * FROM `knowledges` WHERE (tenant_id = 1 AND id IN ("first","second")) AND `knowledges`.`deleted_at` IS NULL

2026/09/23 21:27:27 [32m/Users/wuyongjun/.codex/worktrees/craft-107-integration/WeKnora-fork01/internal/application/repository/knowledge.go:352
[0m[33m[0.012ms] [34;1m[rows:0][0m SELECT * FROM `knowledges` WHERE (tenant_id = 1 AND id IN ("first","second")) AND `knowledges`.`deleted_at` IS NULL
json
json
json
json
json
json
json
json
json

2026/09/23 21:27:27 [32m/Users/wuyongjun/.codex/worktrees/craft-107-integration/WeKnora-fork01/internal/application/repository/knowledge.go:352
[0m[33m[0.048ms] [34;1m[rows:1][0m SELECT * FROM `knowledges` WHERE (tenant_id = 7 AND id IN ("doc","missing")) AND `knowledges`.`deleted_at` IS NULL

2026/09/23 21:27:27 [32m/Users/wuyongjun/.codex/worktrees/craft-107-integration/WeKnora-fork01/internal/application/repository/knowledge.go:352
[0m[33m[0.059ms] [34;1m[rows:2][0m SELECT * FROM `knowledges` WHERE (tenant_id = 7 AND id IN ("doc","other-doc")) AND `knowledges`.`deleted_at` IS NULL
json

2026/09/23 21:27:27 [32m/Users/wuyongjun/.codex/worktrees/craft-107-integration/WeKnora-fork01/internal/application/repository/knowledge.go:352
[0m[33m[0.046ms] [34;1m[rows:1][0m SELECT * FROM `knowledges` WHERE (tenant_id = 7 AND id IN ("doc")) AND `knowledges`.`deleted_at` IS NULL

2026/09/23 21:27:27 [32m/Users/wuyongjun/.codex/worktrees/craft-107-integration/WeKnora-fork01/internal/application/repository/knowledge.go:352
[0m[33m[0.064ms] [34;1m[rows:1][0m SELECT * FROM `knowledges` WHERE (tenant_id = 7 AND id IN ("doc")) AND `knowledges`.`deleted_at` IS NULL
json

2026/09/23 21:27:27 [32m/Users/wuyongjun/.codex/worktrees/craft-107-integration/WeKnora-fork01/internal/application/repository/knowledge.go:352
[0m[33m[0.066ms] [34;1m[rows:2][0m SELECT * FROM `knowledges` WHERE (tenant_id = 7 AND id IN ("doc","second")) AND `knowledges`.`deleted_at` IS NULL

2026/09/23 21:27:27 [32m/Users/wuyongjun/.codex/worktrees/craft-107-integration/WeKnora-fork01/internal/application/repository/knowledge.go:352
[0m[33m[0.033ms] [34;1m[rows:2][0m SELECT * FROM `knowledges` WHERE (tenant_id = 7 AND id IN ("doc","second")) AND `knowledges`.`deleted_at` IS NULL

2026/09/23 21:27:27 [32m/Users/wuyongjun/.codex/worktrees/craft-107-integration/WeKnora-fork01/internal/application/repository/knowledge.go:352
[0m[33m[0.043ms] [34;1m[rows:1][0m SELECT * FROM `knowledges` WHERE (tenant_id = 7 AND id IN ("doc")) AND `knowledges`.`deleted_at` IS NULL
json
json

2026/09/23 21:27:27 [32m/Users/wuyongjun/.codex/worktrees/craft-107-integration/WeKnora-fork01/internal/application/repository/knowledge.go:352
[0m[33m[0.040ms] [34;1m[rows:1][0m SELECT * FROM `knowledges` WHERE (tenant_id = 7 AND id IN ("doc")) AND `knowledges`.`deleted_at` IS NULL
json

2026/09/23 21:27:27 [32m/Users/wuyongjun/.codex/worktrees/craft-107-integration/WeKnora-fork01/internal/application/repository/knowledge.go:352
[0m[33m[0.026ms] [34;1m[rows:1][0m SELECT * FROM `knowledges` WHERE (tenant_id = 7 AND id IN ("other-doc")) AND `knowledges`.`deleted_at` IS NULL

2026/09/23 21:27:27 [32m/Users/wuyongjun/.codex/worktrees/craft-107-integration/WeKnora-fork01/internal/application/repository/knowledge.go:352
[0m[33m[0.023ms] [34;1m[rows:1][0m SELECT * FROM `knowledges` WHERE (tenant_id = 7 AND id IN ("other-doc")) AND `knowledges`.`deleted_at` IS NULL
json
json
json
json

2026/09/23 21:27:27 [32m/Users/wuyongjun/.codex/worktrees/craft-107-integration/WeKnora-fork01/internal/application/repository/knowledge.go:352
[0m[33m[0.023ms] [34;1m[rows:1][0m SELECT * FROM `knowledges` WHERE (tenant_id = 7 AND id IN ("e66ffd19-3dff-4dbd-b8e8-4996da37e10e")) AND `knowledges`.`deleted_at` IS NULL

2026/09/23 21:27:27 [32m/Users/wuyongjun/.codex/worktrees/craft-107-integration/WeKnora-fork01/internal/application/repository/knowledge.go:352
[0m[33m[0.022ms] [34;1m[rows:1][0m SELECT * FROM `knowledges` WHERE (tenant_id = 7 AND id IN ("e66ffd19-3dff-4dbd-b8e8-4996da37e10e")) AND `knowledges`.`deleted_at` IS NULL
json
json
json
json
json

2026/09/23 21:27:27 [31;1m/Users/wuyongjun/.codex/worktrees/craft-107-integration/WeKnora-fork01/internal/application/repository/knowledge.go:69 [35;1mrecord not found
[0m[33m[0.016ms] [34;1m[rows:0][0m SELECT * FROM `knowledges` WHERE (tenant_id = 7 AND id = "doc") AND `knowledges`.`deleted_at` IS NULL ORDER BY `knowledges`.`id` LIMIT 1
json
json
json

2026/09/23 21:27:27 [32m/Users/wuyongjun/.codex/worktrees/craft-107-integration/WeKnora-fork01/internal/application/repository/knowledge.go:352
[0m[33m[0.023ms] [34;1m[rows:1][0m SELECT * FROM `knowledges` WHERE (tenant_id = 7 AND id IN ("other-doc")) AND `knowledges`.`deleted_at` IS NULL

2026/09/23 21:27:27 [32m/Users/wuyongjun/.codex/worktrees/craft-107-integration/WeKnora-fork01/internal/application/repository/knowledge.go:352
[0m[33m[0.022ms] [34;1m[rows:1][0m SELECT * FROM `knowledges` WHERE (tenant_id = 7 AND id IN ("other-doc")) AND `knowledges`.`deleted_at` IS NULL
json
json
json
json
json
json

2026/09/23 21:27:27 [31;1m/Users/wuyongjun/.codex/worktrees/craft-107-integration/WeKnora-fork01/internal/application/repository/tag.go:87 [35;1mrecord not found
[0m[33m[0.011ms] [34;1m[rows:0][0m SELECT * FROM `knowledge_tags` WHERE tenant_id = 7 AND knowledge_base_id = "kb" AND name = "created" ORDER BY `knowledge_tags`.`id` LIMIT 1
json
json
json
json
json
json
json
json
json
json
json
json
json
json
json
json
json
json
json
json
json
json
json
json
json
json
json
json
json
json
json
json
json
json
json
json
json
json
json
json
json
json
json
json
json
json
json
json
json
json
json
json
json
json
json
json
json
json
json
json
json
json
json
json
json
json
json
json
json
json
json
json
json
json
json
json
json
json
json
json
json
json
json
json
json
json
json
json
json
json
json
json
json
json
json
json
json
json
json
json
json
json
json
json
json
json
json
json
json
json
json
json
json
json
json
json
json
json
json
json

2026/09/23 21:27:28 [31;1m/Users/wuyongjun/.codex/worktrees/craft-107-integration/WeKnora-fork01/internal/application/repository/mcp_metadata.go:20 [35;1mrecord not found
[0m[33m[0.034ms] [34;1m[rows:0][0m SELECT * FROM `mcp_metadata` WHERE tenant_id = 1 AND service_id = "svc" AND principal = "" ORDER BY `mcp_metadata`.`tenant_id` LIMIT 1
json
json
json
json
json
json
json
json
json
json

2026/09/23 21:27:28 [31;1m/Users/wuyongjun/.codex/worktrees/craft-107-integration/WeKnora-fork01/internal/application/repository/mcp_service.go:34 [35;1mrecord not found
[0m[33m[0.022ms] [34;1m[rows:0][0m SELECT * FROM `mcp_services` WHERE id = "svc" AND (tenant_id = 2 OR is_builtin = true) AND `mcp_services`.`deleted_at` IS NULL ORDER BY `mcp_services`.`id` LIMIT 1

2026/09/23 21:27:28 [31;1m/Users/wuyongjun/.codex/worktrees/craft-107-integration/WeKnora-fork01/internal/application/repository/mcp_metadata.go:20 [35;1mrecord not found
[0m[33m[0.015ms] [34;1m[rows:0][0m SELECT * FROM `mcp_metadata` WHERE tenant_id = 1 AND service_id = "svc" AND principal = "web_user:b" ORDER BY `mcp_metadata`.`tenant_id` LIMIT 1
json
json
json
json
json
json
json
json
json
json
json
json
json
json
json
json
json
json
json
json
json
json
json
json
json
json
json
json
json
json
json
json
json
json
json
json
json
json
json
json
json
json
json
json
json
json
json
json
json
json
json
json
json
json
json
json
json
json
json
json
json
json
json
json
json
json
json
json
json
json
json
json
json
json
json
json
json
json
json
json
json
json
json
json
json
json
json
json
json
json
json
json
json
json

2026/09/23 21:27:30 [31;1m/Users/wuyongjun/.codex/worktrees/craft-107-integration/WeKnora-fork01/internal/application/repository/native_usage.go:102 [35;1mrecord not found
[0m[33m[0.029ms] [34;1m[rows:0][0m SELECT revision, input_tokens AS prompt_tokens, output_tokens AS completion_tokens, cached_tokens, cache_read_tokens, cache_create_tokens, payload_hash FROM `native_agent_usage_observations` WHERE tenant_id=1 AND run_id="child" AND attempt_id="a" AND observation_id="o" LIMIT 1

2026/09/23 21:27:30 [31;1m/Users/wuyongjun/.codex/worktrees/craft-107-integration/WeKnora-fork01/internal/application/repository/native_usage.go:171 [35;1mrecord not found
[0m[33m[0.013ms] [34;1m[rows:0][0m SELECT state, payload_hash, payload FROM `native_agent_commit_intents` WHERE tenant_id=1 AND run_id="child" AND intent_id="usage-settlement:9458f61cbdda896189b5d08f41923a453677cb3b75597d4e2b6a73a52fdae299:1" LIMIT 1

2026/09/23 21:27:30 [31;1m/Users/wuyongjun/.codex/worktrees/craft-107-integration/WeKnora-fork01/internal/application/repository/native_usage.go:171 [35;1mrecord not found
[0m[33m[0.007ms] [34;1m[rows:0][0m SELECT state, payload_hash, payload FROM `native_agent_commit_intents` WHERE tenant_id=1 AND run_id="child" AND intent_id="usage-settlement:9458f61cbdda896189b5d08f41923a453677cb3b75597d4e2b6a73a52fdae299:2" LIMIT 1
json
json
json
json
json
json
json
json
json
json
json
json
json
json
json
json
json
json
json
json
json
json
json
json
json
json
json
json
json
json
json
json
json
json
json
json
json
json
json
json
json
json
json
json
json
json
json
json
json
json
json
json
json
json
json
json
json
json
json
json
json
json
json
json
json
json
json
json
json
json
json
json
json
json
json
json
json
json
json
json
json
json
json
json
json
json
json
json
json
json
json
json
json
json
json
json
json
json
json
json
json
json
json
json
json
json
json
json
json
json
json
json
json
json
json
json
json
json
json
json
json
json
json
json
json
json
json
json
json
json
json
json
json
json
json
json
json
json
json
json
json
json
json
json
json

2026/09/23 21:27:34 [31;1m/Users/wuyongjun/.codex/worktrees/craft-107-integration/WeKnora-fork01/internal/application/repository/resource.go:58 [35;1mrecord not found
[0m[33m[0.039ms] [34;1m[rows:0][0m SELECT * FROM `resources` WHERE (tenant_id = 7 AND location_hash = "ffe4daf836d2c19652265ff941f9160108d34bb235551d92b630845b87822d42" AND state = "active") AND `resources`.`deleted_at` IS NULL ORDER BY `resources`.`id` LIMIT 1

2026/09/23 21:27:34 [31;1m/Users/wuyongjun/.codex/worktrees/craft-107-integration/WeKnora-fork01/internal/application/repository/resource.go:58 [35;1mrecord not found
[0m[33m[0.017ms] [34;1m[rows:0][0m SELECT * FROM `resources` WHERE (tenant_id = 7 AND location_hash = "b2b6999ae1002cb5b77ece406d84b611860ceb5d83590e42c3245df9fc00acd4" AND state = "active") AND `resources`.`deleted_at` IS NULL ORDER BY `resources`.`id` LIMIT 1

2026/09/23 21:27:34 [31;1m/Users/wuyongjun/.codex/worktrees/craft-107-integration/WeKnora-fork01/internal/application/repository/resource.go:58 [35;1mrecord not found
[0m[33m[0.014ms] [34;1m[rows:0][0m SELECT * FROM `resources` WHERE (tenant_id = 7 AND location_hash = "2a83445c38b713b1ee19a6c8767785c2a47dd22ef2903f61e42efaa36cde874b" AND state = "active") AND `resources`.`deleted_at` IS NULL ORDER BY `resources`.`id` LIMIT 1

2026/09/23 21:27:34 [31;1m/Users/wuyongjun/.codex/worktrees/craft-107-integration/WeKnora-fork01/internal/application/repository/resource.go:58 [35;1mrecord not found
[0m[33m[0.019ms] [34;1m[rows:0][0m SELECT * FROM `resources` WHERE (tenant_id = 7 AND location_hash = "2a83445c38b713b1ee19a6c8767785c2a47dd22ef2903f61e42efaa36cde874b" AND state = "active") AND `resources`.`deleted_at` IS NULL ORDER BY `resources`.`id` LIMIT 1

2026/09/23 21:27:34 [31;1m/Users/wuyongjun/.codex/worktrees/craft-107-integration/WeKnora-fork01/internal/application/repository/resource.go:58 [35;1mrecord not found
[0m[33m[0.014ms] [34;1m[rows:0][0m SELECT * FROM `resources` WHERE (tenant_id = 7 AND location_hash = "2a83445c38b713b1ee19a6c8767785c2a47dd22ef2903f61e42efaa36cde874b" AND state = "active") AND `resources`.`deleted_at` IS NULL ORDER BY `resources`.`id` LIMIT 1

2026/09/23 21:27:34 [31;1m/Users/wuyongjun/.codex/worktrees/craft-107-integration/WeKnora-fork01/internal/application/repository/resource.go:58 [35;1mrecord not found
[0m[33m[0.013ms] [34;1m[rows:0][0m SELECT * FROM `resources` WHERE (tenant_id = 7 AND location_hash = "2a83445c38b713b1ee19a6c8767785c2a47dd22ef2903f61e42efaa36cde874b" AND state = "active") AND `resources`.`deleted_at` IS NULL ORDER BY `resources`.`id` LIMIT 1

2026/09/23 21:27:34 [31;1m/Users/wuyongjun/.codex/worktrees/craft-107-integration/WeKnora-fork01/internal/application/repository/resource.go:58 [35;1mrecord not found
[0m[33m[0.013ms] [34;1m[rows:0][0m SELECT * FROM `resources` WHERE (tenant_id = 7 AND location_hash = "2a83445c38b713b1ee19a6c8767785c2a47dd22ef2903f61e42efaa36cde874b" AND state = "active") AND `resources`.`deleted_at` IS NULL ORDER BY `resources`.`id` LIMIT 1

2026/09/23 21:27:34 [31;1m/Users/wuyongjun/.codex/worktrees/craft-107-integration/WeKnora-fork01/internal/application/repository/resource.go:58 [35;1mrecord not found
[0m[33m[0.012ms] [34;1m[rows:0][0m SELECT * FROM `resources` WHERE (tenant_id = 8 AND location_hash = "2a83445c38b713b1ee19a6c8767785c2a47dd22ef2903f61e42efaa36cde874b" AND state = "active") AND `resources`.`deleted_at` IS NULL ORDER BY `resources`.`id` LIMIT 1
json
json
json
json
json

2026/09/23 21:27:34 [32m/Users/wuyongjun/.codex/worktrees/craft-107-integration/WeKnora-fork01/internal/application/repository/knowledge.go:352
[0m[33m[0.051ms] [34;1m[rows:1][0m SELECT * FROM `knowledges` WHERE (tenant_id = 7 AND id IN ("doc")) AND `knowledges`.`deleted_at` IS NULL
json

2026/09/23 21:27:34 [32m/Users/wuyongjun/.codex/worktrees/craft-107-integration/WeKnora-fork01/internal/application/repository/knowledge.go:352
[0m[33m[0.051ms] [34;1m[rows:1][0m SELECT * FROM `knowledges` WHERE (tenant_id = 7 AND id IN ("doc","missing")) AND `knowledges`.`deleted_at` IS NULL
json
json

2026/09/23 21:27:34 [32m/Users/wuyongjun/.codex/worktrees/craft-107-integration/WeKnora-fork01/internal/application/repository/knowledge.go:352
[0m[33m[0.065ms] [34;1m[rows:2][0m SELECT * FROM `knowledges` WHERE (tenant_id = 7 AND id IN ("doc","other-doc")) AND `knowledges`.`deleted_at` IS NULL
json
json

2026/09/23 21:27:34 [32m/Users/wuyongjun/.codex/worktrees/craft-107-integration/WeKnora-fork01/internal/application/repository/knowledge.go:352
[0m[33m[0.045ms] [34;1m[rows:1][0m SELECT * FROM `knowledges` WHERE (tenant_id = 7 AND id IN ("doc")) AND `knowledges`.`deleted_at` IS NULL

2026/09/23 21:27:34 [32m/Users/wuyongjun/.codex/worktrees/craft-107-integration/WeKnora-fork01/internal/application/repository/knowledge.go:352
[0m[33m[0.072ms] [34;1m[rows:1][0m SELECT * FROM `knowledges` WHERE (tenant_id = 7 AND id IN ("doc")) AND `knowledges`.`deleted_at` IS NULL
json
json
json
json
json
json
json
json
json
json
json

2026/09/23 21:27:34 [32m/Users/wuyongjun/.codex/worktrees/craft-107-integration/WeKnora-fork01/internal/application/repository/knowledge.go:352
[0m[33m[0.056ms] [34;1m[rows:1][0m SELECT * FROM `knowledges` WHERE (tenant_id = 7 AND id IN ("doc")) AND `knowledges`.`deleted_at` IS NULL
json
json
json
json
json

2026/09/23 21:27:34 [32m/Users/wuyongjun/.codex/worktrees/craft-107-integration/WeKnora-fork01/internal/application/repository/knowledge.go:352
[0m[33m[0.146ms] [34;1m[rows:1][0m SELECT * FROM `knowledges` WHERE (tenant_id = 7 AND id IN ("doc")) AND `knowledges`.`deleted_at` IS NULL
json
json
json

2026/09/23 21:27:34 [32m/Users/wuyongjun/.codex/worktrees/craft-107-integration/WeKnora-fork01/internal/application/repository/knowledge.go:352
[0m[33m[0.054ms] [34;1m[rows:1][0m SELECT * FROM `knowledges` WHERE (tenant_id = 7 AND id IN ("doc")) AND `knowledges`.`deleted_at` IS NULL

2026/09/23 21:27:34 [31;1m/Users/wuyongjun/.codex/worktrees/craft-107-integration/WeKnora-fork01/internal/application/repository/resource.go:58 [35;1mrecord not found
[0m[33m[0.022ms] [34;1m[rows:0][0m SELECT * FROM `resources` WHERE (tenant_id = 7 AND location_hash = "994c60aa1842a21c900299aa15ced5a7a4480d9eadcf692fa06054410f773007" AND state = "active") AND `resources`.`deleted_at` IS NULL ORDER BY `resources`.`id` LIMIT 1

2026/09/23 21:27:34 [31;1m/Users/wuyongjun/.codex/worktrees/craft-107-integration/WeKnora-fork01/internal/application/repository/resource.go:58 [35;1mrecord not found
[0m[33m[0.015ms] [34;1m[rows:0][0m SELECT * FROM `resources` WHERE (tenant_id = 9 AND location_hash = "0b2b87ae429ac3822e5cef4680c8890666c92c592946e208cc076a8f5a9cb8b3" AND state = "active") AND `resources`.`deleted_at` IS NULL ORDER BY `resources`.`id` LIMIT 1

2026/09/23 21:27:34 [31;1m/Users/wuyongjun/.codex/worktrees/craft-107-integration/WeKnora-fork01/internal/application/repository/resource.go:58 [35;1mrecord not found
[0m[33m[0.016ms] [34;1m[rows:0][0m SELECT * FROM `resources` WHERE (tenant_id = 7 AND location_hash = "bb8c1646ad855f4c919fc087008265c70e8af4d64095cf6f16fafadfdf9e5870" AND state = "active") AND `resources`.`deleted_at` IS NULL ORDER BY `resources`.`id` LIMIT 1

2026/09/23 21:27:34 [31;1m/Users/wuyongjun/.codex/worktrees/craft-107-integration/WeKnora-fork01/internal/application/repository/resource.go:58 [35;1mrecord not found
[0m[33m[0.022ms] [34;1m[rows:0][0m SELECT * FROM `resources` WHERE (tenant_id = 7 AND location_hash = "49581018c7cdf9a249eb1485ac13ce099f302e30a63adbc07e5cbd43bc6c18bb" AND state = "active") AND `resources`.`deleted_at` IS NULL ORDER BY `resources`.`id` LIMIT 1

2026/09/23 21:27:34 [31;1m/Users/wuyongjun/.codex/worktrees/craft-107-integration/WeKnora-fork01/internal/application/repository/resource.go:58 [35;1mrecord not found
[0m[33m[0.023ms] [34;1m[rows:0][0m SELECT * FROM `resources` WHERE (tenant_id = 7 AND location_hash = "50d7f9290cd2521167d5925faa53380721d1822c3221b5d0cad554c58f30face" AND state = "active") AND `resources`.`deleted_at` IS NULL ORDER BY `resources`.`id` LIMIT 1

2026/09/23 21:27:34 [31;1m/Users/wuyongjun/.codex/worktrees/craft-107-integration/WeKnora-fork01/internal/application/repository/resource.go:58 [35;1mrecord not found
[0m[33m[0.023ms] [34;1m[rows:0][0m SELECT * FROM `resources` WHERE (tenant_id = 9 AND location_hash = "1a8758a82ef66068b0d0bc97ada5f04713eafc58512aa0eba8342cc4e7218ecc" AND state = "active") AND `resources`.`deleted_at` IS NULL ORDER BY `resources`.`id` LIMIT 1

2026/09/23 21:27:34 [31;1m/Users/wuyongjun/.codex/worktrees/craft-107-integration/WeKnora-fork01/internal/application/repository/resource.go:103 [35;1mrecord not found
[0m[33m[0.008ms] [34;1m[rows:0][0m SELECT * FROM `resource_access_grants` WHERE token_hash = "e3c0ba8fcfbfbfa721ad3c76c173b4b816bc5d4bf1caf2a65249e37980b8fdac" AND revoked_at IS NULL AND expires_at > "2026-09-23 13:27:34.361" ORDER BY `resource_access_grants`.`id` LIMIT 1

2026/09/23 21:27:34 [31;1m/Users/wuyongjun/.codex/worktrees/craft-107-integration/WeKnora-fork01/internal/application/repository/resource.go:58 [35;1mrecord not found
[0m[33m[0.014ms] [34;1m[rows:0][0m SELECT * FROM `resources` WHERE (tenant_id = 9 AND location_hash = "1a8758a82ef66068b0d0bc97ada5f04713eafc58512aa0eba8342cc4e7218ecc" AND state = "active") AND `resources`.`deleted_at` IS NULL ORDER BY `resources`.`id` LIMIT 1

2026/09/23 21:27:34 [31;1m/Users/wuyongjun/.codex/worktrees/craft-107-integration/WeKnora-fork01/internal/application/repository/resource.go:58 [35;1mrecord not found
[0m[33m[0.013ms] [34;1m[rows:0][0m SELECT * FROM `resources` WHERE (tenant_id = 9 AND location_hash = "102b322058d65e644f2e0ee60c21908f5c4a536bfefc7dab45e079c81f5329b6" AND state = "active") AND `resources`.`deleted_at` IS NULL ORDER BY `resources`.`id` LIMIT 1

2026/09/23 21:27:34 [31;1m/Users/wuyongjun/.codex/worktrees/craft-107-integration/WeKnora-fork01/internal/application/repository/resource.go:103 [35;1mrecord not found
[0m[33m[0.006ms] [34;1m[rows:0][0m SELECT * FROM `resource_access_grants` WHERE token_hash = "2ea3b701e6ba54c16c99204de24f5b29edc5af9ee9ad5289b4c5f4ea8b1ad817" AND revoked_at IS NULL AND expires_at > "2026-09-23 13:27:34.361" ORDER BY `resource_access_grants`.`id` LIMIT 1

2026/09/23 21:27:34 [31;1m/Users/wuyongjun/.codex/worktrees/craft-107-integration/WeKnora-fork01/internal/application/repository/resource.go:103 [35;1mrecord not found
[0m[33m[0.006ms] [34;1m[rows:0][0m SELECT * FROM `resource_access_grants` WHERE token_hash = "649b871302719b9db2af2a00d1b4443a739a5349645083fa371447704d7ea4c8" AND revoked_at IS NULL AND expires_at > "2026-09-23 13:27:34.361" ORDER BY `resource_access_grants`.`id` LIMIT 1

2026/09/23 21:27:34 [31;1m/Users/wuyongjun/.codex/worktrees/craft-107-integration/WeKnora-fork01/internal/application/repository/resource.go:58 [35;1mrecord not found
[0m[33m[0.014ms] [34;1m[rows:0][0m SELECT * FROM `resources` WHERE (tenant_id = 9 AND location_hash = "1a8758a82ef66068b0d0bc97ada5f04713eafc58512aa0eba8342cc4e7218ecc" AND state = "active") AND `resources`.`deleted_at` IS NULL ORDER BY `resources`.`id` LIMIT 1

2026/09/23 21:27:34 [31;1m/Users/wuyongjun/.codex/worktrees/craft-107-integration/WeKnora-fork01/internal/application/repository/resource.go:103 [35;1mrecord not found
[0m[33m[0.006ms] [34;1m[rows:0][0m SELECT * FROM `resource_access_grants` WHERE token_hash = "5586d825566a0593c964c03d4d459cdd366ba395170bbbcf10775103d7944559" AND revoked_at IS NULL AND expires_at > "2026-09-23 13:27:34.362" ORDER BY `resource_access_grants`.`id` LIMIT 1

2026/09/23 21:27:34 [31;1m/Users/wuyongjun/.codex/worktrees/craft-107-integration/WeKnora-fork01/internal/application/repository/resource.go:103 [35;1mrecord not found
[0m[33m[0.006ms] [34;1m[rows:0][0m SELECT * FROM `resource_access_grants` WHERE token_hash = "5586d825566a0593c964c03d4d459cdd366ba395170bbbcf10775103d7944559" AND revoked_at IS NULL AND expires_at > "2026-09-23 13:27:34.362" ORDER BY `resource_access_grants`.`id` LIMIT 1

2026/09/23 21:27:34 [31;1m/Users/wuyongjun/.codex/worktrees/craft-107-integration/WeKnora-fork01/internal/application/repository/resource.go:92 [35;1mUNIQUE constraint failed: resource_access_grants.token_hash
[0m[33m[0.016ms] [34;1m[rows:0][0m INSERT INTO `resource_access_grants` (`id`,`token_hash`,`resource_id`,`access_scope`,`expires_at`,`revoked_at`,`created_at`) VALUES ("9bcfcca6-91c9-48ea-a294-3a4cd74641d7","5586d825566a0593c964c03d4d459cdd366ba395170bbbcf10775103d7944559","6fcd7bb5-a09f-437b-b506-e2a13861bdef","read","2026-09-23 14:00:00",NULL,"2026-09-23 21:27:34.362")

2026/09/23 21:27:34 [31;1m/Users/wuyongjun/.codex/worktrees/craft-107-integration/WeKnora-fork01/internal/application/repository/resource.go:103 [35;1mrecord not found
[0m[33m[0.006ms] [34;1m[rows:0][0m SELECT * FROM `resource_access_grants` WHERE token_hash = "5586d825566a0593c964c03d4d459cdd366ba395170bbbcf10775103d7944559" AND revoked_at IS NULL AND expires_at > "2026-09-23 13:27:34.362" ORDER BY `resource_access_grants`.`id` LIMIT 1

2026/09/23 21:27:34 [31;1m/Users/wuyongjun/.codex/worktrees/craft-107-integration/WeKnora-fork01/internal/application/repository/resource.go:103 [35;1mrecord not found
[0m[33m[0.007ms] [34;1m[rows:0][0m SELECT * FROM `resource_access_grants` WHERE token_hash = "5586d825566a0593c964c03d4d459cdd366ba395170bbbcf10775103d7944559" AND revoked_at IS NULL AND expires_at > "2026-09-23 13:27:34.362" ORDER BY `resource_access_grants`.`id` LIMIT 1

2026/09/23 21:27:34 [31;1m/Users/wuyongjun/.codex/worktrees/craft-107-integration/WeKnora-fork01/internal/application/repository/resource.go:58 [35;1mrecord not found
[0m[33m[0.023ms] [34;1m[rows:0][0m SELECT * FROM `resources` WHERE (tenant_id = 9 AND location_hash = "1a8758a82ef66068b0d0bc97ada5f04713eafc58512aa0eba8342cc4e7218ecc" AND state = "active") AND `resources`.`deleted_at` IS NULL ORDER BY `resources`.`id` LIMIT 1

2026/09/23 21:27:34 [31;1m/Users/wuyongjun/.codex/worktrees/craft-107-integration/WeKnora-fork01/internal/application/repository/resource.go:58 [35;1mrecord not found
[0m[33m[0.015ms] [34;1m[rows:0][0m SELECT * FROM `resources` WHERE (tenant_id = 7 AND location_hash = "494a30704d4f32ac0b81739d18a66d3638d440cbc6f5669f6af66f840edee5ab" AND state = "active") AND `resources`.`deleted_at` IS NULL ORDER BY `resources`.`id` LIMIT 1
json
json
json
json
json
json
json
json
json
json
json
json
json
json
json
json
json
json
json
json
json
json
json
json
json
json
json
json
json
json
json
json
json
json
json
json
json
json
json
json
json
json
json
json
json
json
json
json
json
json
json
json
json
json
json
json
json
json
json
json
json
json
json
json
json
json
json
json
json
json
json
json
json
json
json
json
json
json
json
json
json
json
json
json
json
json
json
json
json
json
json
json
json
json
json
json
json
json
json
json
json
json
json
json
json
json
json
json
json
json
json
json
json
json
json
json
json
json
json
json
json
json
json
json
json
json
json
json
json
json
json
json
json
json
json
json
json
json
json
json
json
json
json
json
json
json
json
json
json
json
json
json
json
json
json
json
json
json
json
json
json
json
json
json
json
json
json
json
json
json
json
json
json
json
json
json
json
json
json
json
json
json
json
json
json
json
json
json
json
json
json
json
json
json
json
json
json
json
json
json
json
json
json
json
json
json
json
json
json
json
json
json
json
json
json
json
json
json
json
json
json
json
json
json
json
json
json
json
json
json
json
json
json
json
json
json
json
json
json
json
json
json
json
json
json
json
json
json
json
json
json
json
json
json
json
json
json
json
json
json
json
json
json
json
json
json
json
json
json
json
json
json
json
json
json
json
json
json
json
json
json
json
json
json
json
json
json
json
json
json
json
json
json
json
json
json
json
json
json
json
json
json
json
json
json

2026/09/23 21:27:43 [32m/Users/wuyongjun/.codex/worktrees/craft-107-integration/WeKnora-fork01/internal/application/repository/knowledge.go:352
[0m[33m[0.065ms] [34;1m[rows:1][0m SELECT * FROM `knowledges` WHERE (tenant_id = 7 AND id IN ("doc")) AND `knowledges`.`deleted_at` IS NULL
json
json
json

2026/09/23 21:27:43 [32m/Users/wuyongjun/.codex/worktrees/craft-107-integration/WeKnora-fork01/internal/application/repository/knowledge.go:352
[0m[33m[0.084ms] [34;1m[rows:1][0m SELECT * FROM `knowledges` WHERE (tenant_id = 7 AND id IN ("doc")) AND `knowledges`.`deleted_at` IS NULL

2026/09/23 21:27:43 [32m/Users/wuyongjun/.codex/worktrees/craft-107-integration/WeKnora-fork01/internal/application/repository/knowledge.go:352
[0m[33m[0.042ms] [34;1m[rows:1][0m SELECT * FROM `knowledges` WHERE (tenant_id = 7 AND id IN ("other-doc")) AND `knowledges`.`deleted_at` IS NULL

2026/09/23 21:27:43 [32m/Users/wuyongjun/.codex/worktrees/craft-107-integration/WeKnora-fork01/internal/application/repository/knowledge.go:352
[0m[33m[0.030ms] [34;1m[rows:1][0m SELECT * FROM `knowledges` WHERE (tenant_id = 7 AND id IN ("other-doc")) AND `knowledges`.`deleted_at` IS NULL
json
json
json
json
json
json
json
json
json
json
json
json
json
json
json
json
json
json
json
json
json
json
json
json
json
json
json
json
json
json
json
json
json
json
json
json
json
json
json
json
json
json
json
json
json
json
json
json
json
json
json
json
json
json
json
json
json
json
json
json
json
json
json
json
json
json
json
json
json
json
json
json
json
json
json
json
json
json
json
json
json
json
json
json
json
json
json
json
json
json
json
json
json
json
json
json
json
json
json
json
json
json
json
json
json
json
json
json
json
json
json
json
json
json
json
json
json
json
json
json
json
json
json
json
json
json
json
json
json
json
json
json
json
json
json
json
json
json
json
json
json
json
json
json
json
json
json
json
json
json
json
json
json
json
json
json
json
json
json
json
json
json
json
json
json
json
json
json
json
json
json
json
json
json
json
json
json
json
json
json
json
json
json
json
json
json
json
json
json
json
json
json
json
json
json
json
json
json
json
json
json
json
json
json
json
json
json
json
json
json
json
json
json
json
json
json
json
json
json
json
json
json
json
json
json
json
json
json
json
json
json
json
json
json
json
json
json
json
json
json
json
json
json
json
json
json
json
json
json
json
json
json
json
json
json
json
json
json
json
json
json
json
json
json
json
json
json
json
json
json
json
json
json
json
json
json
json
json
json
json
json
json
json
json
json
json
json
json
json
json
json
json
json
json
json
json
json
json
json
json
json
json
json
json
json
json
json
json
json
json
json
json
json
json
json
json
json
json
json
json
json
json
json
json
json
json
json
json
json
json
json
json
json
json
json
json
json
json
json
json
json
json
json
json
json
json
json
json
json
json
json
json
json
json
json
json
json
json
json
json
json
json
json
json
json
json
json
json
json
json
json
json
json
json
json
json
json
json
json
json
json
json
json
json
json
json
json
json
json
json
json
json
json
json
json
json
json
json
json
json
json
json
json
json
json
json
json
json
json
json
json
json
json
json
json
json
json
json
json
json
json
json
json
json
json
json
json
json
json
json
json
json
json
json
json
json
json
json
json
json
json
json
json
json
json
json
json
json
json
json
json
json
json
json
json
json
json
json
json
json
json
json
json
json
json
json
json
json
json
json
json
json
json
json
json
json
json
json
json
json
json
json
json
json
json
json
json
json
json
json
json
json
json
json
json
json
json
json
json
json
json
json
json
json
json
json
json
json
json
json
json
json
json
json
json
json
json
json
json
json
json
json
json
json
json
json
json
json
json
json
json
json
json
json
json
json
json
json
json
json
json
json
json
json
json
json
json
json
json
json
json
json
json
json
json
json
json
json
json
json
json
json
json
json
json
json
json
json
json
json
json
json
json
json
json
json
json
json
json
json
json
json
json
json
json
json
json
json
json
json
json
json
json
json
json
json
json
json
json
json
json
json
json
json
json
json
json
json
json
json
json
json
json
json
json
json
json
json
json
json
json
json
json
json
json
json
json
json
json
json
json
json
json
json
json
json
json
json
json
json
json
json
json
json
json
json
json
json
json
json
json
json
json
json
json
json
json
json
json
json
json
json
json
json
json
json
json
json
json
json
json
json
json
json
json
json
json
json
json
json
json
json
json
json
json
json
json
json
json
json
json
json
json
json
json
json
json
json
json
json
json
json
json
json
json
json
json
json
json
json
json
json
json
json
json
json
json
json
json
json
json
json
json
json
json
json
json
json
json
json
json
json
json
json
json
json
json
json
json
json
json
json
json
json
json
json
json
json
json
json
json
json
json
json
json
json
json
json
json
json
json
json
json
json
json
json
json
json
json
json

2026/09/23 21:28:05 [31;1m/Users/wuyongjun/.codex/worktrees/craft-107-integration/WeKnora-fork01/internal/application/repository/temporary_document.go:34 [35;1mrecord not found
[0m[33m[0.025ms] [34;1m[rows:0][0m SELECT * FROM `temporary_documents` WHERE (tenant_id = 7 AND session_id = "session-1" AND id = "missing-doc") AND `temporary_documents`.`deleted_at` IS NULL ORDER BY `temporary_documents`.`id` LIMIT 1

2026/09/23 21:28:05 [31;1m/Users/wuyongjun/.codex/worktrees/craft-107-integration/WeKnora-fork01/internal/application/repository/temporary_document.go:34 [35;1mrecord not found
[0m[33m[0.014ms] [34;1m[rows:0][0m SELECT * FROM `temporary_documents` WHERE (tenant_id = 99 AND session_id = "session-1" AND id = "doc-1") AND `temporary_documents`.`deleted_at` IS NULL ORDER BY `temporary_documents`.`id` LIMIT 1
json
json
json
json
json
json
json
json
json
json
json
json
json
json
json
json
json
json
json
json
json
json
json
json
json
json
json
json
json
json
json
json
json
json
json
json
json
json
json
json
json
json
json
json
json
json

2026/09/23 21:28:05 [31;1m/Users/wuyongjun/.codex/worktrees/craft-107-integration/WeKnora-fork01/internal/application/repository/session.go:54 [35;1mrecord not found
[0m[33m[0.017ms] [34;1m[rows:0][0m SELECT * FROM `sessions` WHERE (tenant_id = 1 AND id = "a7b3308a-b908-49b1-8a71-b88cb3b62068") AND ((user_id = "bob" OR user_id IS NULL OR user_id = '')) AND `sessions`.`deleted_at` IS NULL ORDER BY `sessions`.`id` LIMIT 1
json
json
json

2026/09/23 21:28:05 [31;1m/Users/wuyongjun/.codex/worktrees/craft-107-integration/WeKnora-fork01/internal/application/repository/session.go:131 [35;1mno such table: im_channel_sessions
[0m[33m[0.007ms] [34;1m[rows:0][0m SELECT `ics`.`platform` FROM im_channel_sessions AS ics JOIN sessions AS s ON s.id = ics.session_id WHERE ics.session_id = "90033ceb-2514-44b7-9deb-a5430a5a14b3" AND s.tenant_id = 1 LIMIT 1

2026/09/23 21:28:05 [31;1m/Users/wuyongjun/.codex/worktrees/craft-107-integration/WeKnora-fork01/internal/application/repository/session.go:131 [35;1mno such table: im_channel_sessions
[0m[33m[0.004ms] [34;1m[rows:0][0m SELECT `ics`.`platform` FROM im_channel_sessions AS ics JOIN sessions AS s ON s.id = ics.session_id WHERE ics.session_id = "90033ceb-2514-44b7-9deb-a5430a5a14b3" AND s.tenant_id = 1 LIMIT 1
json
json
json
json

2026/09/23 21:28:05 [31;1m/Users/wuyongjun/.codex/worktrees/craft-107-integration/WeKnora-fork01/internal/application/repository/session.go:131 [35;1mno such table: im_channel_sessions
[0m[33m[0.003ms] [34;1m[rows:0][0m SELECT `ics`.`platform` FROM im_channel_sessions AS ics JOIN sessions AS s ON s.id = ics.session_id WHERE ics.session_id = "60cd92e7-fe47-4281-b6ce-a1d8e7122e5e" AND s.tenant_id = 1 LIMIT 1

2026/09/23 21:28:05 [31;1m/Users/wuyongjun/.codex/worktrees/craft-107-integration/WeKnora-fork01/internal/application/repository/session.go:131 [35;1mno such table: im_channel_sessions
[0m[33m[0.003ms] [34;1m[rows:0][0m SELECT `ics`.`platform` FROM im_channel_sessions AS ics JOIN sessions AS s ON s.id = ics.session_id WHERE ics.session_id = "60cd92e7-fe47-4281-b6ce-a1d8e7122e5e" AND s.tenant_id = 1 LIMIT 1
json
json

2026/09/23 21:28:05 [31;1m/Users/wuyongjun/.codex/worktrees/craft-107-integration/WeKnora-fork01/internal/application/repository/session.go:54 [35;1mrecord not found
[0m[33m[0.011ms] [34;1m[rows:0][0m SELECT * FROM `sessions` WHERE (tenant_id = 1 AND id = "f4609e35-93c8-4fde-a944-afeeefddcc7b") AND ((user_id = "bob" OR user_id IS NULL OR user_id = '')) AND `sessions`.`deleted_at` IS NULL ORDER BY `sessions`.`id` LIMIT 1
json
json
json
json
json

2026/09/23 21:28:05 [31;1m/Users/wuyongjun/.codex/worktrees/craft-107-integration/WeKnora-fork01/internal/application/repository/session.go:54 [35;1mrecord not found
[0m[33m[0.011ms] [34;1m[rows:0][0m SELECT * FROM `sessions` WHERE (tenant_id = 1 AND id = "87d3afe0-7a1b-4b91-8d0a-b468d3f728a6") AND ((user_id = "api_external_user:7:alice" OR user_id IS NULL OR user_id = '')) AND `sessions`.`deleted_at` IS NULL ORDER BY `sessions`.`id` LIMIT 1
json
json
json

2026/09/23 21:28:05 [31;1m/Users/wuyongjun/.codex/worktrees/craft-107-integration/WeKnora-fork01/internal/application/repository/session.go:131 [35;1mno such table: im_channel_sessions
[0m[33m[0.004ms] [34;1m[rows:0][0m SELECT `ics`.`platform` FROM im_channel_sessions AS ics JOIN sessions AS s ON s.id = ics.session_id WHERE ics.session_id = "2cce8895-5f81-4934-b323-3f878a38048f" AND s.tenant_id = 1 LIMIT 1

2026/09/23 21:28:05 [31;1m/Users/wuyongjun/.codex/worktrees/craft-107-integration/WeKnora-fork01/internal/application/repository/session.go:131 [35;1mno such table: im_channel_sessions
[0m[33m[0.003ms] [34;1m[rows:0][0m SELECT `ics`.`platform` FROM im_channel_sessions AS ics JOIN sessions AS s ON s.id = ics.session_id WHERE ics.session_id = "2cce8895-5f81-4934-b323-3f878a38048f" AND s.tenant_id = 1 LIMIT 1
json
json
json
json

2026/09/23 21:28:05 [31;1m/Users/wuyongjun/.codex/worktrees/craft-107-integration/WeKnora-fork01/internal/application/repository/session.go:54 [35;1mrecord not found
[0m[33m[0.010ms] [34;1m[rows:0][0m SELECT * FROM `sessions` WHERE (tenant_id = 1 AND id = "5cfccfcb-8970-4161-8ef6-e377fc7f9ec2") AND ((user_id = "api_external_user:7:alice" OR user_id IS NULL OR user_id = '')) AND `sessions`.`deleted_at` IS NULL ORDER BY `sessions`.`id` LIMIT 1
json
json
json

2026/09/23 21:28:05 [31;1m/Users/wuyongjun/.codex/worktrees/craft-107-integration/WeKnora-fork01/internal/application/repository/session.go:131 [35;1mno such table: im_channel_sessions
[0m[33m[0.003ms] [34;1m[rows:0][0m SELECT `ics`.`platform` FROM im_channel_sessions AS ics JOIN sessions AS s ON s.id = ics.session_id WHERE ics.session_id = "5cfccfcb-8970-4161-8ef6-e377fc7f9ec2" AND s.tenant_id = 1 LIMIT 1

2026/09/23 21:28:05 [31;1m/Users/wuyongjun/.codex/worktrees/craft-107-integration/WeKnora-fork01/internal/application/repository/session.go:131 [35;1mno such table: im_channel_sessions
[0m[33m[0.003ms] [34;1m[rows:0][0m SELECT `ics`.`platform` FROM im_channel_sessions AS ics JOIN sessions AS s ON s.id = ics.session_id WHERE ics.session_id = "5cfccfcb-8970-4161-8ef6-e377fc7f9ec2" AND s.tenant_id = 1 LIMIT 1
json
json
json
json

2026/09/23 21:28:05 [31;1m/Users/wuyongjun/.codex/worktrees/craft-107-integration/WeKnora-fork01/internal/application/repository/session.go:54 [35;1mrecord not found
[0m[33m[0.010ms] [34;1m[rows:0][0m SELECT * FROM `sessions` WHERE (tenant_id = 1 AND id = "39c7766f-1304-4993-bf29-4d7da5d4e3c9") AND ((user_id = "alice" OR user_id IS NULL OR user_id = '')) AND `sessions`.`deleted_at` IS NULL ORDER BY `sessions`.`id` LIMIT 1
json
json
json

2026/09/23 21:28:05 [31;1m/Users/wuyongjun/.codex/worktrees/craft-107-integration/WeKnora-fork01/internal/application/repository/session.go:54 [35;1mrecord not found
[0m[33m[0.009ms] [34;1m[rows:0][0m SELECT * FROM `sessions` WHERE (tenant_id = 1 AND id = "39c7766f-1304-4993-bf29-4d7da5d4e3c9") AND ((user_id = "alice" OR user_id IS NULL OR user_id = '')) AND `sessions`.`deleted_at` IS NULL ORDER BY `sessions`.`id` LIMIT 1

2026/09/23 21:28:05 [31;1m/Users/wuyongjun/.codex/worktrees/craft-107-integration/WeKnora-fork01/internal/application/repository/session.go:131 [35;1mno such table: im_channel_sessions
[0m[33m[0.003ms] [34;1m[rows:0][0m SELECT `ics`.`platform` FROM im_channel_sessions AS ics JOIN sessions AS s ON s.id = ics.session_id WHERE ics.session_id = "39c7766f-1304-4993-bf29-4d7da5d4e3c9" AND s.tenant_id = 1 LIMIT 1

2026/09/23 21:28:05 [31;1m/Users/wuyongjun/.codex/worktrees/craft-107-integration/WeKnora-fork01/internal/application/repository/session.go:131 [35;1mno such table: im_channel_sessions
[0m[33m[0.003ms] [34;1m[rows:0][0m SELECT `ics`.`platform` FROM im_channel_sessions AS ics JOIN sessions AS s ON s.id = ics.session_id WHERE ics.session_id = "39c7766f-1304-4993-bf29-4d7da5d4e3c9" AND s.tenant_id = 1 LIMIT 1
json
json
json
json

2026/09/23 21:28:05 [31;1m/Users/wuyongjun/.codex/worktrees/craft-107-integration/WeKnora-fork01/internal/application/repository/session.go:54 [35;1mrecord not found
[0m[33m[0.009ms] [34;1m[rows:0][0m SELECT * FROM `sessions` WHERE (tenant_id = 1 AND id = "755be9b2-4d39-4b2c-aad2-2eb88701f0a8") AND ((user_id = "alice" OR user_id IS NULL OR user_id = '')) AND `sessions`.`deleted_at` IS NULL ORDER BY `sessions`.`id` LIMIT 1

2026/09/23 21:28:05 [31;1m/Users/wuyongjun/.codex/worktrees/craft-107-integration/WeKnora-fork01/internal/application/repository/session.go:131 [35;1mno such table: im_channel_sessions
[0m[33m[0.003ms] [34;1m[rows:0][0m SELECT `ics`.`platform` FROM im_channel_sessions AS ics JOIN sessions AS s ON s.id = ics.session_id WHERE ics.session_id = "755be9b2-4d39-4b2c-aad2-2eb88701f0a8" AND s.tenant_id = 1 LIMIT 1
json
json
json

2026/09/23 21:28:05 [31;1m/Users/wuyongjun/.codex/worktrees/craft-107-integration/WeKnora-fork01/internal/application/repository/session.go:54 [35;1mrecord not found
[0m[33m[0.010ms] [34;1m[rows:0][0m SELECT * FROM `sessions` WHERE (tenant_id = 1 AND id = "025c6e2f-45f3-4009-b981-ce9b43dded1b") AND ((user_id = "alice" OR user_id IS NULL OR user_id = '')) AND `sessions`.`deleted_at` IS NULL ORDER BY `sessions`.`id` LIMIT 1

2026/09/23 21:28:05 [31;1m/Users/wuyongjun/.codex/worktrees/craft-107-integration/WeKnora-fork01/internal/application/repository/session.go:131 [35;1mno such table: im_channel_sessions
[0m[33m[0.003ms] [34;1m[rows:0][0m SELECT `ics`.`platform` FROM im_channel_sessions AS ics JOIN sessions AS s ON s.id = ics.session_id WHERE ics.session_id = "025c6e2f-45f3-4009-b981-ce9b43dded1b" AND s.tenant_id = 1 LIMIT 1

2026/09/23 21:28:05 [31;1m/Users/wuyongjun/.codex/worktrees/craft-107-integration/WeKnora-fork01/internal/application/repository/session.go:131 [35;1mno such table: im_channel_sessions
[0m[33m[0.003ms] [34;1m[rows:0][0m SELECT `ics`.`platform` FROM im_channel_sessions AS ics JOIN sessions AS s ON s.id = ics.session_id WHERE ics.session_id = "025c6e2f-45f3-4009-b981-ce9b43dded1b" AND s.tenant_id = 1 LIMIT 1
json
json

2026/09/23 21:28:05 [31;1m/Users/wuyongjun/.codex/worktrees/craft-107-integration/WeKnora-fork01/internal/application/repository/session.go:54 [35;1mrecord not found
[0m[33m[0.009ms] [34;1m[rows:0][0m SELECT * FROM `sessions` WHERE (tenant_id = 1 AND id = "025c6e2f-45f3-4009-b981-ce9b43dded1b") AND ((user_id = "alice" OR user_id IS NULL OR user_id = '')) AND `sessions`.`deleted_at` IS NULL ORDER BY `sessions`.`id` LIMIT 1
json
json

2026/09/23 21:28:05 [31;1m/Users/wuyongjun/.codex/worktrees/craft-107-integration/WeKnora-fork01/internal/application/repository/session.go:54 [35;1mrecord not found
[0m[33m[0.011ms] [34;1m[rows:0][0m SELECT * FROM `sessions` WHERE (tenant_id = 1 AND id = "7dfbf642-5cab-4482-aad5-6d3fef18be7d") AND ((user_id = "alice" OR user_id IS NULL OR user_id = '')) AND `sessions`.`deleted_at` IS NULL ORDER BY `sessions`.`id` LIMIT 1
json
json
json

2026/09/23 21:28:05 [31;1m/Users/wuyongjun/.codex/worktrees/craft-107-integration/WeKnora-fork01/internal/application/repository/session.go:54 [35;1mrecord not found
[0m[33m[0.009ms] [34;1m[rows:0][0m SELECT * FROM `sessions` WHERE (tenant_id = 1 AND id = "7dfbf642-5cab-4482-aad5-6d3fef18be7d") AND ((user_id = "alice" OR user_id IS NULL OR user_id = '')) AND `sessions`.`deleted_at` IS NULL ORDER BY `sessions`.`id` LIMIT 1
json
json
json
json
json
json
json
json
json
json

2026/09/23 21:28:05 [31;1m/Users/wuyongjun/.codex/worktrees/craft-107-integration/WeKnora-fork01/internal/application/repository/session.go:131 [35;1mno such table: im_channel_sessions
[0m[33m[0.005ms] [34;1m[rows:0][0m SELECT `ics`.`platform` FROM im_channel_sessions AS ics JOIN sessions AS s ON s.id = ics.session_id WHERE ics.session_id = "3754b936-0167-46a1-b3c9-01393c7d3915" AND s.tenant_id = 1 LIMIT 1

2026/09/23 21:28:05 [31;1m/Users/wuyongjun/.codex/worktrees/craft-107-integration/WeKnora-fork01/internal/application/repository/session.go:131 [35;1mno such table: im_channel_sessions
[0m[33m[0.004ms] [34;1m[rows:0][0m SELECT `ics`.`platform` FROM im_channel_sessions AS ics JOIN sessions AS s ON s.id = ics.session_id WHERE ics.session_id = "3754b936-0167-46a1-b3c9-01393c7d3915" AND s.tenant_id = 1 LIMIT 1
json
json
json
json
json
json
json
json
json
json
json
json
json
json
json
json

2026/09/23 21:28:05 [31;1m/Users/wuyongjun/.codex/worktrees/craft-107-integration/WeKnora-fork01/internal/application/repository/session.go:54 [35;1mrecord not found
[0m[33m[0.010ms] [34;1m[rows:0][0m SELECT * FROM `sessions` WHERE (tenant_id = 1 AND id = "89dfa386-bd54-4b15-b32e-c510592af36f") AND ((user_id = "embed_session:1:ch-1:sess-attacker" OR user_id IS NULL OR user_id = '')) AND `sessions`.`deleted_at` IS NULL ORDER BY `sessions`.`id` LIMIT 1
json
json
json
json
json
json
json
json
json
json
json
json
json
json
json
json
json
json
json
json
json
json
json
json
json
json
json
json
json
json
json
json
json
json
json
json
json
json
json
json
json
json
json
json
json
json
json
json
json
json
json
json
json
json
json
json
json
json
json
json
json
json
json
json
json
json
json
json
json
json
json
json
json
json
json
json
json
json
json
json
json
json
json
json
json
json
json
json
json
json
json
json
json
json

2026/09/23 21:28:06 [31;1m/Users/wuyongjun/.codex/worktrees/craft-107-integration/WeKnora-fork01/internal/application/repository/tenant_skill.go:418 [35;1mrecord not found
[0m[33m[0.014ms] [34;1m[rows:0][0m SELECT * FROM `tenant_skill_catalog` WHERE (tenant_id = 7 AND id = "sk-old") AND `tenant_skill_catalog`.`deleted_at` IS NULL ORDER BY `tenant_skill_catalog`.`id` LIMIT 1
json
json
json
json
json
json
json
json
json
json
json
json
json
json
json
json
json
json
json
json
json
json
json
json

2026/09/23 21:28:07 [31;1m/Users/wuyongjun/.codex/worktrees/craft-107-integration/WeKnora-fork01/internal/application/service/session_sandbox_pin.go:62 [35;1mno such table: sessions
[0m[33m[0.005ms] [34;1m[rows:-][0m SELECT `sandbox_config_id` FROM `sessions` WHERE id = "s-1" AND `sessions`.`deleted_at` IS NULL
json
json
json
json
json
json
json
json
json
json
json
json
json
json
json
json
json
json
json
json
json
json
json
json
json
json
json
json
json
json
json
json
json
json
json
json
json
json
json
json
json
json
json
json
json
json
json
json
json
json
json
json
json
json
json
json
json
json
json
json
json
json
json
json
json
json
json
json
json
json
json
json
json
json
json
json
json
json
json
json
json
json
json
json
json
json
json
json
json
json
json
json
json
json
json
json
json
json
json
json
json
json
json
json
json
json
json
json
json
json
json
json
json
json
json
json
json
json
json
json
json
json
json
json
json
json
json
json
json
json
json
json
json
json
json
json
json
json
json
json
json
json
json
json
json
json
json
json
json
json
json
json
json
json
json
json
json
json
json
json
json
json
json
json
json
json
json
json
json
json
json
json
json
json
json
json
json
json
json
json
json
json
json
json
json
json
json
json
json
json
json
json
json
json
json
json
json
json
json
json
json
json
json
json
json
json
json
json
json
json
json
json
json
json
json
json
json
json
json
json
json
json
json
json
json
json
json
json
json
json
json
json
json
json
json
json
json
json
json
json
json
json
json
json
json
json
json
json
json
json
json
json
json
json
json
json
json
json
json
json
json
json
json
json
json
json
json
json
json
json
json
json
json
json
json
json
json
json
json
json
json
json
json
json
json
json
json
json
json
json
json
json
json
json
json
json
json
json
json
json
json
json
json
json
json
json
json
json
json
json
json
json
json
json
json
json
json
json
json
json
json
json
json
json
json
json
json
json
json
json
json
json
json
json
json
json
json
json
json
json
json
json
json
json
json
json
json
json
json
json
json
json
json
json
json
json
json
json
json
json
json
json
json
json
json
json
json
json

2026/09/23 21:28:11 [31;1m/Users/wuyongjun/.codex/worktrees/craft-107-integration/WeKnora-fork01/internal/application/service/vectorstore_test.go:1017 [35;1mrecord not found
[0m[33m[0.012ms] [34;1m[rows:0][0m SELECT * FROM `vector_stores` WHERE id = "store-A" AND `vector_stores`.`deleted_at` IS NULL ORDER BY `vector_stores`.`id` LIMIT 1
json
json

2026/09/23 21:28:11 [31;1m/Users/wuyongjun/.codex/worktrees/craft-107-integration/WeKnora-fork01/internal/application/service/vectorstore.go:198 [35;1mrecord not found
[0m[33m[0.024ms] [34;1m[rows:0][0m SELECT * FROM `vector_stores` WHERE (id = "store-missing" AND tenant_id = 1) AND `vector_stores`.`deleted_at` IS NULL ORDER BY `vector_stores`.`id` LIMIT 1
json

2026/09/23 21:28:11 [31;1m/Users/wuyongjun/.codex/worktrees/craft-107-integration/WeKnora-fork01/internal/application/service/vectorstore_test.go:884 [35;1mrecord not found
[0m[33m[0.010ms] [34;1m[rows:0][0m SELECT * FROM `vector_stores` WHERE (id = "__env_es__" AND tenant_id = 1) AND `vector_stores`.`deleted_at` IS NULL ORDER BY `vector_stores`.`id` LIMIT 1

2026/09/23 21:28:11 [31;1m/Users/wuyongjun/.codex/worktrees/craft-107-integration/WeKnora-fork01/internal/application/service/vectorstore_test.go:884 [35;1mrecord not found
[0m[33m[0.008ms] [34;1m[rows:0][0m SELECT * FROM `vector_stores` WHERE (id = "store-zzz" AND tenant_id = 1) AND `vector_stores`.`deleted_at` IS NULL ORDER BY `vector_stores`.`id` LIMIT 1
json

2026/09/23 21:28:11 [31;1m/Users/wuyongjun/.codex/worktrees/craft-107-integration/WeKnora-fork01/internal/application/service/vectorstore_test.go:884 [35;1mrecord not found
[0m[33m[0.010ms] [34;1m[rows:0][0m SELECT * FROM `vector_stores` WHERE (id = "store-B" AND tenant_id = 1) AND `vector_stores`.`deleted_at` IS NULL ORDER BY `vector_stores`.`id` LIMIT 1
json
json
json
json
json
json
json
json
json
json
json
json
json
json

2026/09/23 21:28:11 [31;1m/Users/wuyongjun/.codex/worktrees/craft-107-integration/WeKnora-fork01/internal/application/repository/wiki_page.go:217 [35;1mrecord not found
[0m[33m[0.008ms] [34;1m[rows:0][0m SELECT * FROM `wiki_page_revisions` WHERE knowledge_base_id = "kb-prune-rev" AND page_id = "cf60c54e-8430-4f05-94d8-9fdb5cbbbea3" AND version = 1 ORDER BY `wiki_page_revisions`.`id` LIMIT 1

2026/09/23 21:28:11 [31;1m/Users/wuyongjun/.codex/worktrees/craft-107-integration/WeKnora-fork01/internal/application/repository/wiki_page.go:217 [35;1mrecord not found
[0m[33m[0.008ms] [34;1m[rows:0][0m SELECT * FROM `wiki_page_revisions` WHERE knowledge_base_id = "kb-mixed-rev" AND page_id = "65cd0ec2-2c54-48d9-8b7a-0895a1d2bea6" AND version = 3 ORDER BY `wiki_page_revisions`.`id` LIMIT 1

2026/09/23 21:28:11 [31;1m/Users/wuyongjun/.codex/worktrees/craft-107-integration/WeKnora-fork01/internal/application/repository/wiki_page.go:671 [35;1mrecord not found
[0m[33m[0.025ms] [34;1m[rows:0][0m SELECT * FROM `wiki_folders` WHERE (knowledge_base_id = "kb-move" AND parent_id = "" AND name = "概念") AND `wiki_folders`.`deleted_at` IS NULL ORDER BY `wiki_folders`.`id` LIMIT 1

2026/09/23 21:28:11 [31;1m/Users/wuyongjun/.codex/worktrees/craft-107-integration/WeKnora-fork01/internal/application/service/storagebackend.go:280 [35;1mno such table: tenants
[0m[33m[0.077ms] [34;1m[rows:0][0m SELECT `id`,`default_storage_backend_id`,`storage_engine_config` FROM `tenants` WHERE id = 7 AND `tenants`.`deleted_at` IS NULL LIMIT 1

2026/09/23 21:28:11 [31;1m/Users/wuyongjun/.codex/worktrees/craft-107-integration/WeKnora-fork01/internal/application/service/storagebackend.go:280 [35;1mno such table: tenants
[0m[33m[0.004ms] [34;1m[rows:0][0m SELECT `id`,`default_storage_backend_id`,`storage_engine_config` FROM `tenants` WHERE id = 7 AND `tenants`.`deleted_at` IS NULL LIMIT 1
json
json
json
json

2026/09/23 21:28:11 [31;1m/Users/wuyongjun/.codex/worktrees/craft-107-integration/WeKnora-fork01/internal/application/service/storagebackend.go:280 [35;1mno such table: tenants
[0m[33m[0.005ms] [34;1m[rows:0][0m SELECT `id`,`default_storage_backend_id`,`storage_engine_config` FROM `tenants` WHERE id = 8 AND `tenants`.`deleted_at` IS NULL LIMIT 1

2026/09/23 21:28:11 [31;1m/Users/wuyongjun/.codex/worktrees/craft-107-integration/WeKnora-fork01/internal/application/service/storagebackend.go:280 [35;1mno such table: tenants
[0m[33m[0.004ms] [34;1m[rows:0][0m SELECT `id`,`default_storage_backend_id`,`storage_engine_config` FROM `tenants` WHERE id = 8 AND `tenants`.`deleted_at` IS NULL LIMIT 1

2026/09/23 21:28:11 [31;1m/Users/wuyongjun/.codex/worktrees/craft-107-integration/WeKnora-fork01/internal/application/repository/storagebackend.go:24 [35;1mrecord not found
[0m[33m[0.010ms] [34;1m[rows:0][0m SELECT * FROM `storage_backends` WHERE (tenant_id = 8 AND id = "0099ab32-27c1-4ede-b63a-47f802de7c0b") AND `storage_backends`.`deleted_at` IS NULL ORDER BY `storage_backends`.`id` LIMIT 1
json
json
json
json
json
json
json
json
json
json
json
json
json
json
json

2026/09/23 21:28:11 [31;1m/Users/wuyongjun/.codex/worktrees/craft-107-integration/WeKnora-fork01/internal/application/repository/tenant.go:37 [35;1mrecord not found
[0m[33m[0.009ms] [34;1m[rows:0][0m SELECT * FROM `tenants` WHERE id = 1 AND `tenants`.`deleted_at` IS NULL ORDER BY `tenants`.`id` LIMIT 1
json
json
json
json
json
json
json
json
json

2026/09/23 21:28:11 [31;1m/Users/wuyongjun/.codex/worktrees/craft-107-integration/WeKnora-fork01/internal/application/repository/tenant.go:37 [35;1mrecord not found
[0m[33m[0.009ms] [34;1m[rows:0][0m SELECT * FROM `tenants` WHERE id = 1 AND `tenants`.`deleted_at` IS NULL ORDER BY `tenants`.`id` LIMIT 1
json
json
json
json
json
json
json
json
json
json
json
json
json
json
json
json
json
json
json
json
json
json
json
json
json
json
json
json
json
json
json
json
json
json
json
json
json
json
json
json
json
json
json
json
json
json
json
json
json
json
json
json
json
json
json
json
json
json
json
json
json
json
json
json
json
json
json
json
json
json
json
json
json
json
json
json
json
json
json
json
json
json
json
json
json
json
json
json
json
json
json
json
json
json
json
json
json
json
json
json
json
json
json
json
json
json
json
json
json
json
json
json
json
json
json
json
json
json
json
json
json
json
json
json
json
json
json
json
json
json
json
json
json
json
json
json
json
json
json
json
json
json
json
json
json
json
json
json
json
json
json
json
json
json
json
json
json
json
json
json
json
json
json
json
json
json
json
json
json
json
json
json
json
json
json
json
json
json
json
json
json
json
json
json
json
json
json
json
json
json
json
json
json
json
json
json
json
json
json
json
json
json
json
json
json
json
json
json
json
json
json
json
json
json
json
json
json
json
json
json
json
json
json
json
json
FAIL
FAIL	github.com/Tencent/WeKnora/internal/application/service	99.624s
FAIL
